Chunk,Frame,PSNR (dB),SSIM
1,0,85.4547,0.99999
1,1,85.4547,0.99999
1,2,85.4547,0.99999
1,3,85.4547,0.99999
2,4,47.4797,0.996319
2,5,35.7665,0.984712
2,6,37.24,0.976634
2,7,35.629,0.966827
2,8,32.8955,0.958226
2,9,31.3838,0.950685
2,10,31.4176,0.944958
2,11,30.1985,0.941147
2,12,29.7473,0.94758
2,13,29.9369,0.948396
2,14,29.9647,0.948395
2,15,31.9808,0.953312
2,16,32.1146,0.954005
2,17,32.4487,0.954835
2,18,34.631,0.957298
2,19,34.7772,0.958138
2,20,35.733,0.960816
2,21,35.8225,0.961211
2,22,36.7145,0.962887
2,23,36.8241,0.963236
2,24,37.604,0.965274
2,25,37.7155,0.965889
2,26,38.5443,0.968313
2,27,38.6626,0.968992
2,28,39.0041,0.970039
2,29,39.5172,0.971797
2,30,39.8987,0.972938
2,31,40.378,0.974613
2,32,40.7165,0.975844
2,33,41.1758,0.977566
2,34,41.5581,0.978953
2,35,41.9564,0.98036
2,36,42.3193,0.981652
2,37,42.6145,0.982938
2,38,42.6943,0.983281
2,39,42.9814,0.984292
2,40,43.057,0.984679
2,41,43.5634,0.986266
2,42,43.6454,0.986672
2,43,44.0742,0.988015
2,44,44.1654,0.988447
2,45,44.4848,0.989588
2,46,44.575,0.989989
2,47,44.8128,0.990737
2,48,44.89,0.991053
2,49,45.1078,0.991707
2,50,45.1739,0.991975
2,51,45.327,0.992476
2,52,45.3916,0.992722
2,53,45.4865,0.993084
2,54,45.544,0.993317
2,55,45.6489,0.993698
2,56,45.6919,0.993894
2,57,45.7941,0.994255
2,58,45.8004,0.994318
2,59,45.8366,0.994449
2,60,45.8812,0.994633
2,61,45.8987,0.9947
2,62,45.9029,0.994766
2,63,45.9169,0.994815
2,64,45.9438,0.994945
2,65,45.9663,0.994981
2,66,45.9854,0.995049
2,67,46.1063,0.995512
2,68,46.0956,0.995511
2,69,46.1486,0.995706
2,70,46.138,0.995711
2,71,46.1487,0.995712
2,72,46.1561,0.995743
2,73,46.1618,0.99576
2,74,46.1578,0.995771
2,75,46.1684,0.99579
2,76,46.1603,0.995767
2,77,46.156,0.995775
2,78,46.1481,0.995761
2,79,46.1643,0.995772
2,80,46.1722,0.995838
2,81,46.183,0.99585
2,82,46.1801,0.995869
2,83,46.1783,0.995848
2,84,46.1728,0.995858
2,85,46.183,0.995874
2,86,46.1702,0.995858
2,87,46.1906,0.995903
2,88,46.1809,0.995882
2,89,46.1866,0.995885
2,90,46.1849,0.995893
2,91,46.1926,0.995895
2,92,46.1999,0.995902
2,93,46.2623,0.99615
2,94,46.2405,0.996093
2,95,46.2893,0.996262
2,96,46.2746,0.996228
2,97,46.2989,0.996305
2,98,46.2943,0.996279
2,99,46.3097,0.996328
2,100,46.3118,0.996341
2,101,46.3149,0.996356
2,102,46.3175,0.996371
2,103,46.3126,0.996364
2,104,46.3165,0.996368
2,105,46.3182,0.99639
2,106,46.3175,0.996383
2,107,46.3244,0.996406
2,108,46.3282,0.996408
2,109,46.33,0.996421
2,110,46.3325,0.99642
2,111,46.3514,0.996499
2,112,46.3868,0.996663
2,113,46.3766,0.996627
2,114,46.3884,0.996687
2,115,46.3911,0.996692
2,116,46.3919,0.996683
2,117,46.3833,0.996661
2,118,46.3823,0.996667
2,119,46.375,0.996643
2,120,46.3846,0.99664
2,121,46.3788,0.996646
2,122,46.4324,0.996886
2,123,46.4011,0.996796
2,124,46.4166,0.996837
2,125,46.4097,0.996818
2,126,46.4181,0.996859
2,127,46.4037,0.996812
2,128,46.4011,0.996806
2,129,46.3984,0.996807
2,130,46.3992,0.996825
2,131,46.4084,0.996812
2,132,43.1096,0.990292
2,133,46.3769,0.997092
2,134,46.2257,0.996841
2,135,46.333,0.996914
2,136,46.3599,0.996994
2,137,46.3568,0.996972
2,138,46.3535,0.997002
2,139,46.3607,0.996988
2,140,46.4026,0.997106
2,141,46.3914,0.997076
2,142,46.4101,0.997115
2,143,46.3902,0.997041
2,144,46.4195,0.997106
2,145,46.4092,0.997077
2,146,46.4249,0.997123
2,147,46.4202,0.997116
2,148,46.4267,0.997131
2,149,46.4164,0.997108
2,150,46.4295,0.997139
2,151,46.4239,0.997118
2,152,46.4351,0.997145
2,153,46.4334,0.997151
2,154,46.4385,0.997166
2,155,46.4356,0.997146
2,156,46.4397,0.997153
2,157,46.4353,0.997152
2,158,46.4499,0.997204
2,159,46.4331,0.997167
2,160,46.4518,0.997198
2,161,46.4483,0.997194
2,162,46.4587,0.997226
2,163,46.449,0.997209
2,164,46.4561,0.997229
2,165,46.4542,0.997228
2,166,46.4534,0.997213
2,167,46.4586,0.99723
2,168,46.4628,0.997233
2,169,46.4655,0.99725
2,170,46.4664,0.997247
2,171,46.4677,0.997245
2,172,46.4726,0.997285
2,173,46.4683,0.997251
2,174,46.4736,0.997286
2,175,46.4705,0.997252
2,176,46.4803,0.997279
2,177,46.5072,0.997369
2,178,46.4967,0.997318
2,179,46.5014,0.997351
2,180,46.5043,0.997347
2,181,46.5046,0.997367
2,182,46.5047,0.997349
2,183,46.5038,0.997365
2,184,46.5052,0.997343
2,185,46.5076,0.997351
2,186,46.5099,0.99736
2,187,46.5109,0.997362
2,188,46.5129,0.997377
2,189,46.5085,0.997353
2,190,46.5099,0.997357
2,191,46.5088,0.997351
2,192,46.5186,0.997385
2,193,46.5118,0.997354
2,194,46.5156,0.997358
2,195,46.5102,0.99734
2,196,46.5121,0.99734
2,197,46.5091,0.997348
2,198,46.502,0.997336
2,199,46.5037,0.997341
2,200,46.5022,0.997323
2,201,46.4998,0.997314
2,202,46.5007,0.997328
2,203,46.4965,0.997304
2,204,46.5003,0.997318
2,205,46.4987,0.997312
2,206,46.5044,0.997329
2,207,46.5189,0.997368
2,208,46.4948,0.997276
2,209,46.5061,0.997302
2,210,46.5035,0.997305
2,211,46.5041,0.99729
2,212,46.5051,0.997304
2,213,49.7424,0.99715
2,214,49.1578,0.996593
2,215,48.9251,0.996268
3,216,48.4039,0.995824
4,217,42.0155,0.995593
5,218,45.628,0.99611
6,219,45.8931,0.995958
6,220,42.3348,0.994742
6,221,42.8154,0.9925
6,222,39.2766,0.990407
7,223,45.8384,0.995805
8,224,45.8557,0.995978
9,225,46.1341,0.995579
10,226,46.1102,0.996378
11,227,46.2648,0.996244
11,228,44.0769,0.995345
12,229,46.1629,0.996105
13,230,46.2434,0.996507
14,231,46.1299,0.996235
15,232,46.4251,0.996661
16,233,49.8046,0.996238
17,234,47.3278,0.995402
18,235,44.4197,0.995591
19,236,46.5783,0.996398
20,237,46.4371,0.996186
21,238,46.5686,0.996577
22,239,45.901,0.994072
23,240,43.4832,0.99575
24,241,46.7907,0.996389
25,242,46.7151,0.996615
26,243,46.6832,0.996797
27,244,46.8723,0.996683
28,245,49.7661,0.996734
29,246,47.099,0.997094
30,247,46.7237,0.997089
31,248,46.2087,0.997317
32,249,46.8638,0.997655
32,250,46.5351,0.997722
33,251,46.5868,0.999549
33,252,46.0528,0.99952
33,253,46.5428,0.999524
33,254,46.6021,0.999525
33,255,46.6235,0.999525
33,256,46.9011,0.999498
33,257,47.2354,0.99951
33,258,48.8562,0.999481
33,259,49.5417,0.999477
33,260,49.7847,0.999484
33,261,50.108,0.999416
33,262,50.1988,0.999411
33,263,50.2485,0.999408
34,264,44.7228,0.999119
34,265,39.569,0.996637
35,266,45.6995,0.997106
36,267,45.7889,0.995818
37,268,44.8796,0.996088
38,269,45.5715,0.994881
39,270,45.5273,0.995287
40,271,45.0874,0.994834
41,272,45.0814,0.994864
42,273,44.5739,0.994604
43,274,44.5153,0.995013
43,275,39.0147,0.991003
44,276,44.5399,0.994048
44,277,39.3471,0.991705
45,278,44.567,0.993715
45,279,38.7299,0.989812
45,280,37.5646,0.986805
45,281,36.4047,0.983737
46,282,43.6258,0.993284
46,283,38.9749,0.989965
46,284,37.5504,0.987684
46,285,36.4633,0.984589
46,286,35.7021,0.982113
46,287,35.6975,0.979611
46,288,36.1364,0.979641
46,289,36.4305,0.979696
46,290,36.7841,0.979835
46,291,37.0482,0.980043
46,292,37.333,0.980405
46,293,37.5257,0.980744
46,294,37.5848,0.980991
46,295,37.858,0.981394
46,296,37.8697,0.981605
46,297,38.3269,0.982391
46,298,38.3677,0.982665
46,299,38.7919,0.983337
46,300,38.8241,0.983563
46,301,39.2318,0.983719
46,302,39.3508,0.984363
46,303,39.9369,0.985456
46,304,40.0124,0.985718
46,305,40.2736,0.986196
46,306,40.5746,0.986671
46,307,40.8275,0.987162
46,308,40.8939,0.987285
46,309,41.2694,0.987743
46,310,41.273,0.987806
46,311,41.3618,0.987954
46,312,41.3401,0.988087
46,313,41.5086,0.988333
46,314,41.5647,0.988464
46,315,42.3855,0.989498
46,316,41.9806,0.989421
46,317,42.1526,0.989579
46,318,42.1056,0.989543
46,319,42.2239,0.989587
46,320,42.2012,0.989729
46,321,42.2275,0.989742
46,322,42.2839,0.989806
46,323,42.4475,0.989897
46,324,42.2276,0.989885
46,325,42.4118,0.990058
46,326,42.4475,0.990117
46,327,42.5346,0.990079
46,328,42.3627,0.990117
46,329,42.3782,0.990095
46,330,42.4027,0.990108
46,331,42.4805,0.990057
46,332,42.3456,0.990146
46,333,42.1786,0.990007
46,334,42.3718,0.990229
46,335,42.5552,0.99015
46,336,42.3766,0.990188
46,337,42.4231,0.990243
46,338,42.3499,0.990164
46,339,42.4138,0.990015
46,340,42.3287,0.990195
46,341,42.3264,0.990168
46,342,42.3313,0.990188
46,343,42.3904,0.99007
46,344,42.3427,0.990234
46,345,42.9588,0.99084
46,346,42.593,0.990589
46,347,42.8196,0.990625
46,348,42.7512,0.990736
46,349,42.6719,0.990717
46,350,42.6198,0.990596
46,351,42.625,0.99034
46,352,42.4079,0.990383
46,353,42.4275,0.990333
46,354,42.3943,0.990298
46,355,42.515,0.9902
46,356,42.4297,0.990262
46,357,42.4698,0.99029
46,358,42.5304,0.990331
46,359,42.5739,0.990273
46,360,42.4852,0.990366
46,361,42.4952,0.990062
46,362,42.2724,0.990061
46,363,42.2416,0.989991
46,364,42.2104,0.989957
46,365,42.3189,0.989825
46,366,42.1963,0.989895
46,367,42.1964,0.989919
46,368,42.1514,0.989963
46,369,42.1956,0.989661
46,370,41.9876,0.989664
46,371,42.1352,0.989654
46,372,42.0998,0.989576
46,373,41.9947,0.989673
46,374,41.792,0.9894
46,375,42.6795,0.990459
46,376,42.516,0.990061
46,377,42.4649,0.990505
46,378,41.7526,0.989774
46,379,42.0253,0.98997
46,380,41.848,0.989558
46,381,42.1307,0.989978
46,382,42.2534,0.990192
46,383,42.1039,0.990026
46,384,42.0586,0.989668
46,385,41.9352,0.98967
46,386,41.7127,0.989365
46,387,41.7497,0.98941
46,388,41.8381,0.98932
46,389,42.1399,0.990072
46,390,42.1959,0.99004
46,391,41.8919,0.989662
46,392,41.985,0.989448
46,393,41.7735,0.989615
46,394,41.7953,0.989438
46,395,41.7261,0.989546
46,396,41.7941,0.989249
46,397,41.5809,0.9894
46,398,41.7158,0.989325
46,399,41.7157,0.989453
46,400,42.458,0.990111
46,401,41.7649,0.98965
46,402,41.781,0.989384
46,403,41.6285,0.989105
46,404,41.411,0.98906
46,405,41.564,0.989021
46,406,41.6658,0.988993
46,407,41.5543,0.98928
46,408,41.5522,0.989064
46,409,41.4141,0.988852
46,410,40.0112,0.986832
46,411,40.8112,0.988519
46,412,40.5942,0.987998
46,413,40.994,0.988403
46,414,40.815,0.988651
46,415,40.9067,0.988516
46,416,40.8163,0.988516
46,417,40.8821,0.98816
46,418,40.9392,0.988388
46,419,40.8518,0.98837
46,420,40.8803,0.988333
46,421,41.1728,0.988388
46,422,40.7664,0.98821
46,423,40.9426,0.988229
46,424,40.9218,0.98837
46,425,41.7971,0.98928
46,426,40.1562,0.987519
46,427,40.2112,0.987355
46,428,40.0436,0.98703
46,429,40.0532,0.986823
46,430,40.0373,0.987117
46,431,40.248,0.987133
46,432,39.683,0.986572
46,433,39.5032,0.985976
46,434,39.595,0.986581
46,435,39.7284,0.98644
46,436,39.3408,0.986111
46,437,39.1508,0.985462
46,438,39.306,0.986056
46,439,39.3922,0.986104
46,440,40.2357,0.987758
46,441,39.5779,0.986433
46,442,40.0163,0.98751
46,443,39.7222,0.98679
46,444,39.3236,0.986047
46,445,39.0528,0.985284
46,446,39.0334,0.985446
46,447,39.0662,0.985293
46,448,38.74,0.984846
46,449,38.5782,0.984201
46,450,38.5913,0.984475
46,451,38.6413,0.984473
46,452,38.3381,0.983843
46,453,38.2052,0.983359
46,454,38.2518,0.98374
46,455,39.5911,0.986279
46,456,37.9914,0.98353
46,457,38.5994,0.9844
46,458,38.1086,0.983927
46,459,38.5343,0.984244
46,460,38.0427,0.983124
46,461,37.8575,0.982418
46,462,38.085,0.983071
46,463,38.1957,0.983069
46,464,37.9119,0.982613
46,465,37.6739,0.981876
46,466,37.8279,0.982277
46,467,37.9058,0.982483
46,468,37.815,0.982001
46,469,37.7604,0.9819
46,470,39.0888,0.984821
46,471,38.048,0.983134
46,472,38.3165,0.983244
46,473,38.0609,0.982787
46,474,38.1354,0.982731
46,475,38.045,0.982624
46,476,37.9362,0.982033
46,477,37.8295,0.982086
46,478,37.8864,0.981847
46,479,37.6062,0.981138
46,480,37.1105,0.979621
46,481,37.7327,0.981124
46,482,37.6759,0.981322
46,483,37.6268,0.980938
46,484,37.1692,0.979842
46,485,38.5365,0.98341
46,486,37.7388,0.982292
46,487,38.6924,0.983537
46,488,38.1118,0.982761
46,489,38.1964,0.982487
46,490,37.6419,0.981364
46,491,37.3535,0.980474
46,492,37.4424,0.980701
46,493,37.4009,0.980657
46,494,37.2266,0.979855
46,495,37.1073,0.979575
46,496,37.0866,0.979158
46,497,36.9524,0.979103
46,498,36.826,0.978432
46,499,34.7505,0.969085
46,500,37.2124,0.978264
46,501,35.6237,0.97403
46,502,36.4658,0.976702
46,503,36.4632,0.97696
46,504,36.4785,0.976747
46,505,36.5611,0.977177
46,506,36.4909,0.976731
46,507,36.6301,0.977482
46,508,36.3827,0.976216
46,509,36.4308,0.976606
46,510,36.5197,0.976453
46,511,36.3419,0.976402
46,512,36.2558,0.975505
46,513,36.2103,0.975536
46,514,36.2319,0.975326
46,515,37.6182,0.97941
46,516,36.4638,0.976065
46,517,37.4558,0.978946
46,518,36.8458,0.977159
46,519,37.4404,0.978958
46,520,36.6156,0.976234
46,521,36.8299,0.976995
46,522,36.7409,0.976385
46,523,36.7273,0.976679
46,524,36.4947,0.975433
46,525,36.3914,0.97534
46,526,36.4292,0.975016
46,527,36.3619,0.97504
46,528,36.3734,0.974534
46,529,36.1795,0.974076
46,530,36.3646,0.974327
46,531,36.3098,0.974461
46,532,36.1112,0.973123
46,533,36.0367,0.973077
46,534,36.0604,0.972756
46,535,36.041,0.97313
46,536,35.9887,0.972412
46,537,35.8678,0.972087
46,538,35.733,0.972239
46,539,36.0002,0.97336
46,540,35.7907,0.972088
46,541,35.8326,0.972285
46,542,35.8268,0.971832
46,543,36.1313,0.973358
46,544,35.7428,0.97136
46,545,35.8709,0.971824
46,546,35.8758,0.971484
46,547,35.8645,0.971784
46,548,35.708,0.97058
46,549,35.6579,0.970444
46,550,35.6823,0.9699
46,551,35.8847,0.971004
46,552,35.5452,0.9691
46,553,36.9852,0.975755
46,554,36.1795,0.972276
46,555,36.7335,0.974519
46,556,36.06,0.97154
46,557,36.2515,0.972333
46,558,36.1407,0.971462
46,559,36.1827,0.971936
46,560,35.9297,0.970414
46,561,35.8512,0.970165
46,562,35.8249,0.969592
46,563,35.8211,0.969853
46,564,35.622,0.968386
46,565,35.5915,0.968353
46,566,35.5141,0.967596
46,567,35.5631,0.968097
46,568,36.7414,0.973142
46,569,35.9812,0.970767
46,570,36.5167,0.972126
46,571,36.0115,0.970736
46,572,36.2407,0.970736
46,573,35.9233,0.969806
46,574,36.2299,0.970346
46,575,35.9853,0.970234
46,576,36.1228,0.970206
46,577,35.7735,0.968603
46,578,35.5626,0.967128
46,579,35.6265,0.967787
46,580,35.5234,0.966628
46,581,35.4678,0.966205
46,582,35.5208,0.965929
46,583,35.6943,0.96736
46,584,35.5426,0.9662
46,585,35.4587,0.965613
46,586,35.2266,0.963874
46,587,35.3129,0.964741
46,588,35.298,0.964275
46,589,35.5232,0.965489
46,590,35.1947,0.963234
46,591,34.9376,0.962253
46,592,34.6767,0.960745
46,593,34.5607,0.959431
46,594,34.1658,0.956958
46,595,34.5572,0.959308
46,596,34.5456,0.959281
46,597,34.5137,0.958708
46,598,35.6889,0.96552
46,599,35.2106,0.96425
46,600,35.6664,0.965722
46,601,35.4046,0.964706
46,602,35.589,0.964562
46,603,35.2348,0.963762
46,604,35.6323,0.964962
46,605,35.0745,0.962255
46,606,35.3296,0.96291
46,607,35.186,0.962703
46,608,35.4731,0.963842
46,609,35.3371,0.963168
46,610,35.2687,0.962133
46,611,35.1299,0.961878
46,612,34.9576,0.960467
46,613,36.2199,0.967345
46,614,35.5551,0.963971
46,615,35.9993,0.966368
46,616,35.4202,0.963188
46,617,35.5856,0.963849
46,618,35.2084,0.961663
46,619,35.4719,0.963405
46,620,35.0875,0.9608
46,621,35.1616,0.961089
46,622,35.0207,0.959714
46,623,35.0642,0.960548
46,624,34.9017,0.959206
46,625,34.8778,0.959139
46,626,34.8332,0.958112
46,627,34.7407,0.958122
46,628,35.9984,0.965233
46,629,35.4181,0.962576
46,630,35.7277,0.963421
46,631,35.2352,0.961767
46,632,35.4448,0.962188
46,633,35.1488,0.960858
46,634,35.3184,0.960856
46,635,34.9572,0.959926
46,636,35.1981,0.960672
46,637,34.8925,0.959099
46,638,35.0542,0.958984
46,639,34.7107,0.957744
46,640,34.8972,0.95813
46,641,34.6927,0.957055
46,642,34.7815,0.956454
46,643,34.7447,0.956736
46,644,34.5431,0.955154
46,645,34.6617,0.955617
46,646,34.5542,0.953991
46,647,34.6291,0.955072
46,648,34.4944,0.953801
46,649,34.5663,0.954253
46,650,34.3926,0.952127
46,651,34.5053,0.953616
46,652,34.3177,0.952035
46,653,34.4741,0.952696
46,654,34.5379,0.951984
46,655,34.2035,0.950904
46,656,34.4108,0.951678
46,657,34.257,0.9505
46,658,34.3755,0.95011
46,659,34.3403,0.950741
46,660,34.2446,0.949493
46,661,34.3038,0.949608
46,662,34.2893,0.948363
46,663,34.3544,0.949608
46,664,34.338,0.948777
46,665,34.415,0.949224
46,666,34.7857,0.954267
46,667,34.7286,0.954461
46,668,34.6686,0.953535
46,669,34.5885,0.952622
46,670,34.6521,0.951865
46,671,34.6319,0.952745
46,672,34.5991,0.951533
46,673,34.4658,0.950255
46,674,34.5469,0.949653
46,675,34.6008,0.951157
46,676,34.5385,0.949904
46,677,34.4596,0.948926
46,678,34.4411,0.947707
46,679,34.4746,0.948972
46,680,34.3789,0.947319
46,681,35.7656,0.957983
46,682,35.1114,0.952904
46,683,35.4877,0.956022
46,684,35.2,0.953922
46,685,35.2294,0.953505
46,686,34.9366,0.950573
46,687,34.6021,0.94875
46,688,34.2851,0.945356
46,689,34.4258,0.94562
46,690,34.1971,0.943301
46,691,34.4664,0.945739
46,692,34.4919,0.945618
46,693,34.4927,0.94594
46,694,34.7464,0.947064
46,695,34.3373,0.946094
46,696,34.9471,0.948921
46,697,34.4534,0.945306
46,698,34.9415,0.947585
46,699,34.8228,0.947474
46,700,35.0674,0.948954
46,701,34.7947,0.947347
46,702,34.9981,0.94752
46,703,34.6674,0.947039
46,704,35.0282,0.948322
46,705,34.812,0.946879
46,706,34.9517,0.946224
46,707,34.6081,0.945531
46,708,35.021,0.947206
46,709,34.5316,0.943738
46,710,34.9278,0.945141
46,711,34.9914,0.946513
46,712,34.6456,0.94427
46,713,35.4744,0.950646
46,714,34.8444,0.945089
46,715,35.561,0.951242
46,716,35.0193,0.946996
46,717,35.5563,0.950628
46,718,35.0874,0.946698
46,719,35.6595,0.951436
46,720,35.1764,0.947676
46,721,35.6457,0.950756
46,722,35.0765,0.945835
46,723,35.7116,0.9514
46,724,35.2428,0.947787
46,725,35.7571,0.951354
46,726,35.6248,0.949199
46,727,35.2388,0.948467
46,728,35.7302,0.9506
46,729,35.2834,0.948292
46,730,35.6667,0.949398
46,731,34.6063,0.944707
46,732,34.9717,0.945244
46,733,34.8429,0.944455
46,734,34.6915,0.941638
46,735,34.7544,0.943522
46,736,34.7174,0.941825
46,737,34.6382,0.941627
46,738,34.6948,0.940468
46,739,34.5289,0.94106
46,740,34.6772,0.940899
46,741,34.7077,0.941019
46,742,34.4181,0.937671
46,743,35.363,0.946839
46,744,34.752,0.941694
46,745,35.4615,0.947149
46,746,34.9133,0.942358
46,747,35.6098,0.94842
46,748,35.3387,0.945597
46,749,33.9461,0.930717
46,750,34.2185,0.934735
46,751,33.7461,0.93069
46,752,34.4474,0.937276
46,753,33.7547,0.929018
46,754,34.4543,0.937765
46,755,34.0721,0.933312
46,756,34.5386,0.938536
46,757,34.0232,0.93235
46,758,34.549,0.939121
46,759,34.1149,0.934353
46,760,34.5676,0.938859
46,761,34.1635,0.933675
46,762,34.4587,0.938334
46,763,34.1407,0.934363
46,764,34.4068,0.937712
46,765,34.0401,0.932859
46,766,34.2488,0.936803
46,767,33.9817,0.933013
46,768,34.2332,0.935948
46,769,34.1017,0.932892
46,770,34.0218,0.934122
46,771,34.969,0.942924
46,772,34.6889,0.940812
46,773,34.6656,0.939138
46,774,34.9091,0.943268
46,775,34.4107,0.937919
46,776,34.738,0.940907
46,777,34.2971,0.93546
46,778,34.7675,0.941103
46,779,34.4523,0.938146
46,780,34.6916,0.940902
46,781,34.3162,0.935926
46,782,34.6626,0.940629
46,783,34.3609,0.937027
46,784,34.6352,0.940192
46,785,34.275,0.935563
46,786,34.4721,0.93911
46,787,34.2308,0.935817
46,788,34.4004,0.93809
46,789,34.1253,0.933724
46,790,34.2415,0.936694
46,791,34.091,0.93421
46,792,34.1673,0.935414
46,793,34.0119,0.931918
46,794,31.995,0.907563
46,795,32.8537,0.919885
46,796,32.6299,0.917963
46,797,33.0212,0.92144
46,798,32.8498,0.922045
46,799,33.2722,0.925284
46,800,33.0932,0.924304
46,801,33.2264,0.924102
46,802,33.0708,0.92477
46,803,33.3351,0.926342
46,804,33.1651,0.925542
46,805,33.2747,0.924704
46,806,33.116,0.925308
46,807,33.3343,0.926417
46,808,33.2049,0.925864
46,809,33.2719,0.924627
46,810,33.1519,0.92551
46,811,33.3106,0.926113
46,812,33.2378,0.925877
46,813,33.2257,0.924015
46,814,33.245,0.925859
46,815,33.3099,0.925546
46,816,33.3124,0.926168
46,817,33.2289,0.923872
46,818,33.2892,0.926008
46,819,33.3034,0.925533
46,820,33.2583,0.924848
46,821,33.1543,0.922207
46,822,33.1367,0.923392
46,823,33.1202,0.922467
46,824,34.5527,0.940063
46,825,33.8996,0.934075
46,826,33.6684,0.933535
46,827,33.9233,0.935021
46,828,34.3661,0.938655
46,829,33.6886,0.931955
46,830,34.023,0.93544
46,831,33.8188,0.932942
46,832,33.8792,0.933485
46,833,33.6296,0.929544
46,834,33.9381,0.93376
46,835,33.5586,0.930295
46,836,33.8489,0.932647
46,837,33.4649,0.927888
46,838,33.5231,0.929282
46,839,34.6232,0.939768
46,840,33.8822,0.934463
46,841,34.2448,0.935371
46,842,34.2286,0.936452
46,843,34.2172,0.936268
46,844,34.1652,0.935945
46,845,33.8387,0.931233
46,846,33.8135,0.932199
46,847,33.594,0.929443
46,848,33.445,0.926586
46,849,33.342,0.924726
46,850,33.4928,0.927891
46,851,33.4989,0.927928
46,852,33.3465,0.925679
46,853,33.3276,0.923919
46,854,33.5169,0.927685
46,855,33.0918,0.923658
46,856,34.2329,0.935439
46,857,33.4125,0.92722
46,858,34.2128,0.935015
46,859,33.4728,0.928477
46,860,34.1228,0.932844
46,861,33.3406,0.92571
46,862,34.2038,0.934235
46,863,33.7215,0.930589
46,864,33.9933,0.931895
46,865,33.6378,0.927042
46,866,33.8269,0.930593
46,867,33.6967,0.928657
46,868,33.7567,0.929048
46,869,33.5265,0.925376
46,870,33.6351,0.927439
46,871,33.6086,0.926631
46,872,33.6018,0.926124
46,873,33.6345,0.925057
46,874,33.3917,0.923899
46,875,33.207,0.921217
46,876,33.2567,0.921361
46,877,32.976,0.917266
46,878,33.1587,0.920177
46,879,33.2315,0.920422
46,880,33.2062,0.920187
46,881,33.7003,0.925316
46,882,33.1617,0.922572
46,883,33.726,0.926738
46,884,33.8017,0.926903
46,885,33.0028,0.919141
46,886,33.9817,0.92955
46,887,33.5982,0.926124
46,888,33.9813,0.929762
46,889,33.5782,0.925004
46,890,34.0526,0.930508
46,891,33.5084,0.925545
46,892,33.9717,0.929524
46,893,33.6327,0.925237
46,894,33.7257,0.927443
46,895,33.3214,0.922807
46,896,33.7502,0.926051
46,897,33.1227,0.919881
46,898,33.7254,0.926428
46,899,33.6706,0.925737
46,900,33.3709,0.923459
46,901,33.5452,0.92313
46,902,33.4926,0.924672
46,903,33.5382,0.924528
46,904,33.4749,0.924076
46,905,33.4938,0.922987
46,906,33.3943,0.923759
46,907,33.5298,0.924257
46,908,33.4374,0.923351
46,909,33.4383,0.922033
46,910,33.5732,0.924865
46,911,33.3062,0.921769
46,912,34.4366,0.934171
46,913,33.8886,0.928824
46,914,34.2857,0.932966
46,915,33.9604,0.930173
46,916,34.2994,0.933023
46,917,33.8629,0.928269
46,918,34.2884,0.932912
46,919,33.904,0.929601
46,920,34.2828,0.932791
46,921,33.6905,0.926866
46,922,32.1459,0.910523
46,923,34.9994,0.946396
46,924,34.1036,0.940564
46,925,34.1451,0.939178
46,926,34.1903,0.939422
46,927,34.049,0.937881
46,928,34.0981,0.93739
46,929,33.8721,0.934494
46,930,33.8416,0.935465
46,931,34.1878,0.937712
46,932,34.149,0.936973
46,933,34.2834,0.93759
46,934,33.8589,0.936127
46,935,34.3346,0.939213
46,936,34.0858,0.937172
46,937,34.309,0.937617
46,938,34.0334,0.936597
46,939,34.4239,0.939234
46,940,34.0911,0.936716
46,941,34.3016,0.937112
46,942,34.1345,0.936978
46,943,34.4428,0.939052
46,944,34.4649,0.93909
46,945,34.3857,0.93762
46,946,34.4668,0.939139
46,947,34.4154,0.938464
46,948,34.4276,0.938669
46,949,34.2728,0.936403
46,950,34.2828,0.93728
46,951,34.3244,0.937317
46,952,35.5805,0.949326
46,953,34.9471,0.945432
46,954,35.1821,0.946675
46,955,35.181,0.946405
46,956,35.0535,0.945772
46,957,34.97,0.944363
46,958,34.9592,0.944482
46,959,34.9934,0.94464
46,960,35.7643,0.951128
46,961,35.3005,0.948437
46,962,35.6857,0.950841
46,963,35.4381,0.949555
46,964,35.711,0.951011
46,965,35.51,0.949416
46,966,35.7148,0.950889
46,967,35.7549,0.951169
46,968,35.654,0.950576
46,969,36.3319,0.955602
46,970,36.0575,0.954443
46,971,36.3187,0.955674
46,972,36.3252,0.955742
46,973,36.7741,0.958856
46,974,36.5808,0.958043
46,975,36.7739,0.95886
47,976,40.1808,0.976788
47,977,37.1659,0.966278
47,978,36.5868,0.961549
47,979,36.5216,0.96111
47,980,36.2398,0.958714
47,981,35.7943,0.956162
47,982,36.1088,0.956962
47,983,36.2354,0.957456
47,984,36.0895,0.957079
47,985,36.1175,0.956417
47,986,36.2778,0.956487
47,987,36.4146,0.956369
47,988,36.0775,0.954944
47,989,36.2959,0.954769
47,990,36.339,0.954578
47,991,36.1505,0.954083
47,992,36.3778,0.953999
47,993,36.4141,0.953353
47,994,36.3885,0.953102
47,995,36.1143,0.952403
47,996,36.237,0.951798
47,997,36.0745,0.950331
47,998,36.1203,0.950482
47,999,36.0535,0.950261
47,1000,35.9784,0.948009
47,1001,35.7702,0.945747
47,1002,35.7564,0.946902
47,1003,35.9243,0.947061
47,1004,35.7026,0.94527
47,1005,35.704,0.944941
47,1006,35.5921,0.9449
47,1007,35.6297,0.943575
47,1008,35.4178,0.9411
47,1009,35.3886,0.942116
47,1010,35.6249,0.943142
47,1011,35.4033,0.94132
47,1012,35.4167,0.941404
47,1013,35.3137,0.941652
47,1014,35.3031,0.940708
47,1015,35.1834,0.939448
47,1016,35.2423,0.93862
47,1017,35.2803,0.940179
47,1018,35.296,0.939466
47,1019,35.1684,0.938098
47,1020,35.1144,0.938762
47,1021,35.1419,0.937972
47,1022,34.9898,0.936406
47,1023,35.0769,0.93585
47,1024,36.0738,0.944857
47,1025,35.2995,0.938882
47,1026,35.4199,0.939176
47,1027,35.3447,0.939495
47,1028,35.4343,0.939332
47,1029,35.2829,0.937748
47,1030,35.3199,0.936862
47,1031,35.3604,0.938783
47,1032,35.3642,0.937966
47,1033,35.2359,0.93667
47,1034,35.1703,0.937169
47,1035,35.1589,0.936308
47,1036,35.0358,0.934783
47,1037,35.0639,0.933844
47,1038,35.0986,0.935636
47,1039,36.158,0.944037
47,1040,35.2457,0.93779
47,1041,35.3456,0.939055
47,1042,35.3545,0.938199
47,1043,35.2685,0.937029
47,1044,35.2953,0.936075
47,1045,35.28,0.937412
47,1046,35.3494,0.937154
47,1047,35.1552,0.935265
47,1048,35.0873,0.935701
47,1049,35.1051,0.93525
47,1050,34.9515,0.933628
47,1051,35.0223,0.93304
47,1052,35.0178,0.934452
47,1053,35.0304,0.933865
47,1054,36.0067,0.942106
47,1055,35.1783,0.937412
47,1056,35.3121,0.935685
47,1057,35.1592,0.93324
47,1058,35.1526,0.934541
47,1059,35.3239,0.935681
47,1060,35.1404,0.934127
47,1061,35.1446,0.934138
47,1062,35.0162,0.933323
47,1063,34.9523,0.930851
47,1064,34.7504,0.927979
47,1065,34.7533,0.929804
47,1066,34.9847,0.931558
47,1067,34.7798,0.929935
47,1068,34.7634,0.929843
47,1069,35.7912,0.939112
47,1070,34.7727,0.932562
47,1071,34.9327,0.931171
47,1072,34.7559,0.928409
47,1073,34.824,0.930593
47,1074,35.0166,0.932053
47,1075,34.8727,0.93082
47,1076,34.9071,0.93102
47,1077,34.9142,0.931115
47,1078,34.8358,0.930798
47,1079,34.664,0.927513
47,1080,34.5011,0.924991
47,1081,34.6115,0.927336
47,1082,34.7181,0.928153
47,1083,34.5786,0.926798
47,1084,35.6194,0.937103
47,1085,34.991,0.932269
47,1086,35.0266,0.931597
47,1087,34.8889,0.929197
47,1088,34.7781,0.927129
47,1089,34.7842,0.928785
47,1090,34.9379,0.929875
47,1091,34.7539,0.92823
47,1092,34.7559,0.928198
47,1093,34.781,0.928404
47,1094,35.6079,0.936364
47,1095,34.8075,0.928921
47,1096,34.8268,0.927508
47,1097,34.8944,0.929453
47,1098,35.1162,0.931012
47,1099,34.9221,0.929313
47,1100,34.9437,0.929412
47,1101,34.8733,0.929882
47,1102,34.8346,0.928938
47,1103,34.7167,0.927491
47,1104,33.368,0.908782
47,1105,33.9762,0.917881
47,1106,33.7048,0.915072
47,1107,33.7704,0.914763
47,1108,33.766,0.9158
47,1109,33.942,0.916992
47,1110,33.7968,0.915302
47,1111,33.8856,0.915021
47,1112,33.9078,0.917153
47,1113,34.0156,0.917808
47,1114,33.8775,0.915861
47,1115,33.9279,0.916247
47,1116,33.9701,0.916882
47,1117,33.7924,0.913169
47,1118,33.6671,0.91024
47,1119,35.1401,0.931088
47,1120,34.6705,0.927889
47,1121,34.5191,0.926012
47,1122,34.5466,0.926076
47,1123,34.5973,0.926531
47,1124,34.5521,0.926534
47,1125,34.4749,0.924005
47,1126,34.2756,0.920886
47,1127,34.4282,0.924051
47,1128,34.5339,0.924922
47,1129,34.3787,0.923316
47,1130,34.4015,0.924225
47,1131,34.3679,0.922176
47,1132,34.1437,0.918768
47,1133,34.259,0.92148
47,1134,35.4926,0.93485
47,1135,34.683,0.928906
47,1136,34.8178,0.930409
47,1137,34.9019,0.929815
47,1138,34.766,0.927618
47,1139,34.7464,0.928553
47,1140,34.9628,0.930204
47,1141,34.7455,0.928274
47,1142,34.7901,0.929825
47,1143,34.7709,0.92887
47,1144,34.6867,0.927393
47,1145,34.655,0.92856
47,1146,34.6204,0.927995
47,1147,34.5904,0.928239
47,1148,34.6475,0.927334
47,1149,34.6436,0.928297
47,1150,34.5777,0.926677
47,1151,34.5305,0.925572
47,1152,34.5489,0.927146
47,1153,34.4918,0.926516
47,1154,34.4721,0.926725
47,1155,34.557,0.926035
47,1156,34.4726,0.925067
47,1157,34.4332,0.924699
47,1158,34.4263,0.924425
47,1159,34.393,0.924399
47,1160,34.2985,0.921501
47,1161,34.0865,0.918064
47,1162,34.2087,0.920912
47,1163,34.406,0.9229
47,1164,34.3552,0.922311
47,1165,34.2686,0.921559
47,1166,34.2859,0.922454
47,1167,34.2415,0.920473
47,1168,34.0468,0.917613
47,1169,34.1333,0.920069
47,1170,34.3062,0.921619
47,1171,34.1524,0.91992
47,1172,34.164,0.921104
47,1173,34.2296,0.920604
47,1174,34.0939,0.918475
47,1175,34.107,0.91982
47,1176,34.3776,0.922329
47,1177,34.1405,0.920103
47,1178,34.201,0.92075
47,1179,35.5114,0.935375
47,1180,34.6557,0.930676
47,1181,34.913,0.930809
47,1182,34.7452,0.928269
47,1183,34.6979,0.927037
47,1184,34.7618,0.928902
47,1185,34.8694,0.929868
47,1186,34.7677,0.92867
47,1187,34.7457,0.929637
47,1188,34.8171,0.929409
47,1189,34.6767,0.927537
47,1190,34.6634,0.928552
47,1191,34.8304,0.929735
47,1192,34.7089,0.928574
47,1193,34.7464,0.929138
47,1194,35.8467,0.939199
47,1195,35.0551,0.935331
47,1196,35.2518,0.935658
47,1197,35.1772,0.934453
47,1198,35.1972,0.934243
47,1199,35.1949,0.935388
47,1200,35.274,0.935635
47,1201,35.1687,0.934398
47,1202,35.1948,0.934708
47,1203,35.2296,0.93618
47,1204,35.2303,0.935794
47,1205,35.1346,0.934758
47,1206,35.128,0.935236
47,1207,35.2945,0.936083
48,1208,42.9628,0.983824
48,1209,42.6863,0.98281
48,1210,42.6423,0.982697
48,1211,42.5528,0.98257
48,1212,42.4768,0.982421
48,1213,42.3408,0.982171
48,1214,42.3067,0.982048
48,1215,42.2262,0.981884
48,1216,42.1895,0.981678
48,1217,42.0625,0.981622
48,1218,42.0949,0.981591
48,1219,42.049,0.981426
48,1220,42.0522,0.98126
48,1221,41.9788,0.981185
48,1222,42.0083,0.981142
48,1223,41.9665,0.981116
48,1224,42.0628,0.981041
48,1225,41.9432,0.980967
48,1226,42.0141,0.980879
48,1227,41.9696,0.980392
48,1228,41.9982,0.979342
48,1229,42.0598,0.979713
48,1230,42.1608,0.979603
48,1231,42.1923,0.979647
48,1232,42.2968,0.9798
48,1233,42.2917,0.980133
48,1234,42.2957,0.980018
48,1235,42.2935,0.980115
48,1236,42.3101,0.979854
48,1237,42.3694,0.980481
48,1238,42.3717,0.980159
48,1239,42.3606,0.980077
48,1240,42.3258,0.979575
48,1241,42.5751,0.980881
48,1242,42.2003,0.979634
48,1243,42.1682,0.979749
48,1244,42.2155,0.979364
48,1245,42.0986,0.979433
48,1246,41.9067,0.978387
48,1247,41.5732,0.976883
48,1248,41.2863,0.975621
48,1249,41.2919,0.975532
48,1250,41.0634,0.975065
48,1251,41.0914,0.974976
48,1252,41.3943,0.97627
48,1253,41.4875,0.97634
48,1254,41.561,0.976892
48,1255,41.5375,0.976577
48,1256,41.5831,0.976863
48,1257,41.8985,0.97794
48,1258,41.7595,0.977785
48,1259,41.8483,0.977939
48,1260,41.947,0.978376
48,1261,42.0647,0.978465
48,1262,42.0762,0.978944
48,1263,42.1044,0.978901
48,1264,42.2585,0.979593
48,1265,42.2289,0.979134
48,1266,42.2752,0.979665
48,1267,42.2816,0.979589
48,1268,42.2949,0.97982
48,1269,42.3194,0.979685
48,1270,42.3565,0.980063
48,1271,42.8309,0.981509
48,1272,42.4893,0.980727
48,1273,42.6133,0.98078
48,1274,42.546,0.980861
48,1275,42.5707,0.980937
48,1276,42.5177,0.980796
48,1277,42.5599,0.980657
48,1278,42.5475,0.981011
48,1279,42.5302,0.980857
48,1280,42.4954,0.980791
48,1281,42.5389,0.98076
48,1282,42.5161,0.980991
48,1283,42.5178,0.980875
48,1284,42.4988,0.980831
48,1285,42.5533,0.980844
48,1286,42.9068,0.981958
48,1287,42.7144,0.981259
48,1288,42.7031,0.9815
48,1289,42.723,0.981317
48,1290,42.6927,0.981506
48,1291,42.7084,0.981467
48,1292,42.6901,0.98145
48,1293,42.7107,0.981395
48,1294,42.7095,0.981606
48,1295,42.6978,0.981474
48,1296,42.6997,0.981552
48,1297,42.7286,0.98148
48,1298,42.7229,0.981629
48,1299,42.7385,0.981608
48,1300,42.7528,0.98168
48,1301,43.1225,0.983089
48,1302,42.4067,0.981267
48,1303,42.2387,0.979803
48,1304,41.9544,0.978771
48,1305,41.9341,0.978024
48,1306,41.7885,0.978404
48,1307,41.8385,0.978302
48,1308,42.0793,0.979262
48,1309,42.2583,0.979607
48,1310,42.2714,0.980096
48,1311,42.3451,0.980115
48,1312,42.3403,0.980246
48,1313,42.3764,0.979881
48,1314,42.2321,0.979684
48,1315,42.1637,0.979021
48,1316,42.5008,0.980191
48,1317,42.0133,0.977867
48,1318,41.691,0.977058
48,1319,41.6128,0.976324
48,1320,41.5633,0.976273
48,1321,41.5672,0.975915
48,1322,41.5479,0.976447
48,1323,41.7928,0.977456
48,1324,41.7232,0.977253
48,1325,41.7609,0.976925
48,1326,42.123,0.978743
48,1327,41.8212,0.977712
48,1328,41.8002,0.977589
48,1329,41.8496,0.977283
48,1330,41.886,0.977871
48,1331,42.0219,0.978249
48,1332,42.0071,0.978187
48,1333,42.1089,0.978304
48,1334,42.1901,0.979026
48,1335,42.2209,0.978993
48,1336,38.9444,0.959758
48,1337,41.2136,0.973034
48,1338,40.9798,0.972584
48,1339,40.9366,0.972337
48,1340,40.9538,0.972425
48,1341,41.0336,0.972197
48,1342,41.0018,0.97238
48,1343,41.0919,0.972186
48,1344,41.1015,0.972219
48,1345,40.9469,0.971714
48,1346,40.7458,0.970727
48,1347,40.6649,0.970395
48,1348,40.6323,0.970545
48,1349,40.5855,0.970138
48,1350,40.5453,0.970019
48,1351,40.5073,0.969731
48,1352,40.4251,0.969861
48,1353,40.4856,0.970117
48,1354,40.7662,0.971559
48,1355,40.8896,0.972008
48,1356,40.9963,0.972696
48,1357,41.0369,0.972733
48,1358,41.1962,0.973613
48,1359,41.2451,0.973643
48,1360,41.3881,0.974586
48,1361,41.3849,0.97443
48,1362,41.4118,0.97471
48,1363,41.7766,0.976463
48,1364,41.5825,0.976156
48,1365,41.68,0.976273
48,1366,41.9095,0.97725
48,1367,41.8712,0.97682
48,1368,41.9511,0.977499
48,1369,41.9396,0.977443
48,1370,41.9314,0.977425
48,1371,41.9683,0.977375
48,1372,41.9516,0.977531
48,1373,41.9692,0.977599
48,1374,41.9149,0.977296
48,1375,41.9284,0.977124
48,1376,41.9274,0.977423
48,1377,41.9423,0.9774
48,1378,41.8968,0.97722
48,1379,41.911,0.976982
48,1380,41.9278,0.977371
48,1381,41.9266,0.977353
48,1382,41.8724,0.977158
48,1383,41.9191,0.977197
48,1384,41.9059,0.977384
48,1385,41.9118,0.977346
48,1386,41.9748,0.977631
48,1387,42.0019,0.977564
48,1388,42.0399,0.977994
48,1389,42.0228,0.977703
48,1390,42.0235,0.977724
48,1391,42.0615,0.977728
48,1392,42.0416,0.977936
48,1393,42.017,0.977684
48,1394,42.0591,0.977915
48,1395,42.1005,0.977963
48,1396,42.7853,0.98068
48,1397,42.4688,0.979652
48,1398,42.4782,0.979646
48,1399,42.5315,0.979622
48,1400,42.4987,0.979804
48,1401,42.53,0.979967
48,1402,42.5248,0.979913
48,1403,42.5395,0.979746
48,1404,42.5409,0.979939
48,1405,42.5324,0.979923
48,1406,42.4996,0.979848
48,1407,42.5357,0.979822
48,1408,42.5085,0.979905
48,1409,42.5169,0.979908
48,1410,42.5347,0.980008
48,1411,42.8482,0.980953
48,1412,42.6846,0.980673
48,1413,42.8781,0.98113
48,1414,42.7598,0.980911
48,1415,42.9022,0.981174
48,1416,42.7419,0.981061
48,1417,42.7842,0.981039
48,1418,42.7406,0.981036
48,1419,42.7951,0.980986
48,1420,42.7407,0.981057
48,1421,42.791,0.981064
48,1422,42.7217,0.980982
48,1423,42.782,0.980947
48,1424,42.7422,0.981011
48,1425,42.7773,0.981017
48,1426,43.0806,0.982497
48,1427,42.948,0.981782
48,1428,42.9711,0.982218
48,1429,42.9777,0.982167
48,1430,43.052,0.9822
48,1431,43.0749,0.982117
48,1432,42.9253,0.982064
48,1433,43.0483,0.982114
48,1434,42.9067,0.982033
48,1435,42.9116,0.981818
48,1436,42.8421,0.981835
48,1437,42.864,0.981843
48,1438,42.8444,0.981825
48,1439,42.9154,0.981899
48,1440,42.8773,0.981923
48,1441,42.9169,0.981968
48,1442,42.8796,0.981916
48,1443,42.9042,0.981827
48,1444,42.875,0.981923
48,1445,42.8923,0.981865
48,1446,42.8546,0.981792
48,1447,42.8825,0.981732
48,1448,42.8502,0.981817
48,1449,42.874,0.981788
48,1450,42.8435,0.981751
48,1451,42.8681,0.981667
48,1452,43.0736,0.982581
48,1453,42.7917,0.981622
48,1454,42.7606,0.981239
48,1455,42.6506,0.98035
48,1456,42.4219,0.979391
48,1457,42.3271,0.97886
48,1458,40.3944,0.966589
48,1459,40.0757,0.965017
48,1460,39.8782,0.963613
48,1461,39.5358,0.962293
48,1462,39.5281,0.962064
48,1463,39.9034,0.963792
48,1464,40.135,0.966452
48,1465,40.0392,0.966248
48,1466,40.0795,0.966543
48,1467,40.1241,0.966852
48,1468,40.2619,0.967123
48,1469,40.3304,0.967629
48,1470,40.3845,0.96773
48,1471,40.253,0.967003
48,1472,40.2316,0.96662
48,1473,40.3124,0.967996
48,1474,40.4257,0.96857
48,1475,40.4417,0.969118
48,1476,40.4667,0.968988
48,1477,40.451,0.969394
48,1478,40.4683,0.969332
48,1479,41.2395,0.973365
48,1480,40.9033,0.971364
48,1481,40.658,0.97061
48,1482,40.6202,0.970127
48,1483,40.7789,0.970907
48,1484,40.8345,0.970924
48,1485,40.7931,0.970744
48,1486,40.788,0.970959
48,1487,40.7244,0.971257
48,1488,40.9168,0.972074
48,1489,40.7038,0.971048
48,1490,40.1772,0.968779
48,1491,39.5076,0.964323
48,1492,38.8615,0.961691
48,1493,38.6689,0.960567
48,1494,38.6875,0.960977
48,1495,38.6393,0.959739
48,1496,38.9356,0.962634
48,1497,39.1254,0.962531
48,1498,39.0627,0.962636
48,1499,39.0105,0.961284
48,1500,39.2875,0.963757
48,1501,39.3543,0.964019
48,1502,39.3912,0.964242
48,1503,39.3349,0.963015
48,1504,39.5448,0.965252
48,1505,39.6323,0.965846
48,1506,39.6655,0.966039
48,1507,39.6043,0.964508
48,1508,39.6782,0.965497
48,1509,39.7734,0.966678
48,1510,39.8027,0.966556
48,1511,39.9,0.967165
48,1512,40.0118,0.966968
48,1513,40.0362,0.968018
48,1514,39.9525,0.967671
48,1515,40.1041,0.969557
48,1516,40.1304,0.970364
48,1517,40.7995,0.973732
48,1518,40.7,0.973539
48,1519,40.9012,0.97423
48,1520,41.0544,0.974476
48,1521,41.1639,0.975247
48,1522,41.3641,0.975851
48,1523,41.5793,0.976732
48,1524,41.796,0.977356
48,1525,41.7833,0.977657
48,1526,41.8313,0.977821
48,1527,42.1822,0.979208
48,1528,42.1484,0.978837
48,1529,42.2184,0.979454
48,1530,42.4532,0.980435
48,1531,42.4013,0.980315
48,1532,42.5067,0.980617
48,1533,42.5237,0.98085
48,1534,42.696,0.981493
48,1535,42.6587,0.981378
48,1536,42.7291,0.981579
48,1537,42.7544,0.981815
48,1538,43.1795,0.983138
48,1539,43.0485,0.982838
48,1540,43.1897,0.98305
48,1541,43.0517,0.98318
48,1542,43.1924,0.983228
48,1543,43.2353,0.983393
48,1544,43.094,0.983228
48,1545,43.2273,0.983406
48,1546,43.259,0.98352
48,1547,43.4404,0.984585
48,1548,43.3601,0.984143
48,1549,43.428,0.984441
48,1550,43.4342,0.984542
48,1551,43.4403,0.984552
48,1552,43.4524,0.984503
48,1553,43.4651,0.984862
48,1554,43.3947,0.984753
48,1555,43.4488,0.98495
48,1556,43.4961,0.984798
48,1557,43.5043,0.984993
48,1558,43.5255,0.984993
48,1559,43.5282,0.985069
48,1560,43.5452,0.984977
48,1561,43.5253,0.985077
48,1562,43.5407,0.985189
48,1563,43.519,0.985108
48,1564,43.55,0.985066
48,1565,43.4815,0.985109
48,1566,43.5296,0.985159
48,1567,43.5159,0.985127
48,1568,43.553,0.98503
48,1569,43.5114,0.985163
48,1570,43.5434,0.985157
48,1571,43.533,0.985139
48,1572,43.5558,0.985078
48,1573,43.5212,0.985169
48,1574,43.5412,0.98517
48,1575,43.5303,0.985148
48,1576,43.5592,0.985104
48,1577,43.8587,0.986955
48,1578,43.7478,0.986497
48,1579,43.7774,0.98659
48,1580,43.8022,0.986538
48,1581,43.7594,0.986584
48,1582,43.8006,0.986666
48,1583,43.7816,0.986624
48,1584,43.8118,0.986531
48,1585,43.7489,0.98655
48,1586,43.7818,0.986564
48,1587,43.7762,0.98658
48,1588,43.8,0.986468
48,1589,43.7566,0.986584
48,1590,43.7879,0.986592
48,1591,43.7677,0.986579
48,1592,40.8811,0.97327
48,1593,43.6488,0.985874
48,1594,43.513,0.985474
48,1595,43.49,0.985381
48,1596,43.6341,0.98552
48,1597,43.6343,0.985586
48,1598,43.6734,0.98577
48,1599,43.6605,0.985742
48,1600,43.6876,0.985769
48,1601,43.6662,0.985816
48,1602,43.6812,0.985999
48,1603,43.6766,0.985927
48,1604,43.7195,0.986025
48,1605,43.6577,0.986018
48,1606,43.6941,0.986139
48,1607,43.7008,0.986163
48,1608,43.7102,0.986016
48,1609,43.674,0.986138
48,1610,43.7156,0.986205
48,1611,43.6955,0.986146
48,1612,43.7217,0.986091
48,1613,43.67,0.986161
48,1614,43.701,0.986211
48,1615,43.6958,0.986154
48,1616,43.7111,0.986071
48,1617,43.6794,0.98615
48,1618,43.706,0.98618
48,1619,43.7095,0.986172
48,1620,43.7071,0.986022
48,1621,43.6939,0.986091
48,1622,43.9364,0.987311
48,1623,43.8524,0.987058
48,1624,43.8992,0.987071
48,1625,43.885,0.987118
48,1626,43.8934,0.987113
48,1627,43.9052,0.987146
48,1628,43.9043,0.987061
48,1629,43.8799,0.9872
48,1630,43.8829,0.987162
48,1631,43.884,0.987207
48,1632,43.923,0.987203
48,1633,43.8695,0.987176
48,1634,43.8972,0.987235
48,1635,43.8952,0.987241
48,1636,43.9198,0.987231
48,1637,43.8895,0.987246
48,1638,43.899,0.987283
48,1639,43.894,0.987256
48,1640,43.9203,0.987245
48,1641,43.8888,0.987292
48,1642,43.8865,0.987297
48,1643,43.892,0.987266
48,1644,43.9204,0.987178
48,1645,43.9224,0.987193
49,1646,40.0392,0.974476
49,1647,39.2769,0.970635
49,1648,38.9338,0.968946
49,1649,37.5388,0.961962
49,1650,36.7654,0.954502
49,1651,36.1977,0.951656
49,1652,35.8417,0.946859
49,1653,35.8948,0.947591
49,1654,35.9078,0.947001
49,1655,35.5214,0.945185
49,1656,35.513,0.942378
49,1657,35.2881,0.941188
49,1658,35.3048,0.937739
49,1659,35.2223,0.937923
49,1660,35.2551,0.937715
49,1661,35.1773,0.936916
49,1662,35.3399,0.935216
49,1663,35.2577,0.936011
49,1664,35.14,0.93294
49,1665,35.0469,0.931286
49,1666,35.1031,0.929806
49,1667,34.9972,0.930682
49,1668,34.9275,0.927942
49,1669,34.7868,0.926626
49,1670,34.8087,0.923339
49,1671,34.6237,0.922732
49,1672,34.7444,0.923581
49,1673,34.6677,0.922878
49,1674,34.7209,0.920623
49,1675,34.4173,0.919304
49,1676,34.5418,0.91873
49,1677,34.3196,0.915807
49,1678,34.4368,0.915163
49,1679,34.4378,0.917303
49,1680,34.3045,0.914339
49,1681,34.3042,0.914605
49,1682,34.1516,0.909211
49,1683,34.1228,0.910407
49,1684,34.4979,0.914852
49,1685,34.1902,0.911458
49,1686,34.261,0.9099
49,1687,34.0698,0.909977
49,1688,34.1481,0.909173
49,1689,33.9677,0.906968
49,1690,34.0307,0.906038
49,1691,34.0632,0.908801
49,1692,33.9855,0.906296
49,1693,33.9035,0.905865
49,1694,35.0834,0.920278
49,1695,34.5845,0.91607
49,1696,34.7685,0.918173
49,1697,34.8783,0.919615
49,1698,34.6128,0.914428
49,1699,34.5569,0.915791
49,1700,34.4287,0.912398
49,1701,34.3388,0.91124
49,1702,34.2771,0.908711
49,1703,34.4338,0.912628
49,1704,34.2234,0.908533
49,1705,34.1586,0.908194
49,1706,34.0426,0.903462
49,1707,33.979,0.903949
49,1708,34.077,0.904752
49,1709,34.0443,0.90488
49,1710,34.1469,0.904233
49,1711,33.8643,0.903374
49,1712,34.1458,0.905288
49,1713,33.9499,0.904123
49,1714,34.0945,0.903282
49,1715,33.6501,0.89957
49,1716,33.6685,0.898093
49,1717,33.4254,0.894051
49,1718,33.2818,0.890093
49,1719,33.4478,0.894414
49,1720,33.9718,0.902257
49,1721,33.636,0.898256
49,1722,33.8318,0.898088
49,1723,33.6467,0.898469
49,1724,33.8571,0.899764
49,1725,33.7436,0.89956
49,1726,33.8336,0.898194
49,1727,33.5065,0.895293
49,1728,33.4888,0.893754
49,1729,33.2876,0.890265
49,1730,33.1338,0.886243
49,1731,33.3197,0.890823
49,1732,33.7109,0.89674
49,1733,33.4637,0.893465
49,1734,33.5397,0.892061
49,1735,33.4354,0.89325
49,1736,33.5553,0.893591
49,1737,33.5304,0.894298
49,1738,33.5303,0.891857
49,1739,33.4418,0.892684
49,1740,33.1846,0.887601
49,1741,33.2553,0.888013
49,1742,32.9291,0.881573
49,1743,33.2829,0.888552
49,1744,33.421,0.891341
49,1745,33.397,0.890988
49,1746,33.2899,0.886652
49,1747,33.401,0.890912
49,1748,33.353,0.889061
49,1749,33.3908,0.890849
49,1750,33.3854,0.888403
49,1751,33.2427,0.888738
49,1752,33.4058,0.889911
49,1753,33.1905,0.886689
49,1754,33.3064,0.887034
49,1755,33.3442,0.890567
49,1756,33.3597,0.889358
49,1757,33.2666,0.888724
49,1758,33.2186,0.885401
49,1759,33.1941,0.886748
49,1760,33.3154,0.888379
49,1761,33.3454,0.889396
49,1762,33.3469,0.887699
49,1763,33.2216,0.888602
49,1764,33.2954,0.887949
49,1765,33.1137,0.885884
49,1766,33.1989,0.885452
49,1767,33.2595,0.888808
49,1768,33.297,0.888149
49,1769,33.1818,0.887099
49,1770,33.1658,0.884014
49,1771,33.1378,0.885398
49,1772,33.2655,0.88722
49,1773,33.3161,0.888709
49,1774,29.3699,0.776296
49,1775,32.8465,0.880148
49,1776,32.3691,0.870795
49,1777,32.3487,0.870608
49,1778,33.1351,0.884139
49,1779,32.9589,0.884679
49,1780,33.3581,0.889387
49,1781,33.1358,0.88732
49,1782,33.3232,0.887537
49,1783,33.2459,0.88794
49,1784,33.4881,0.891686
49,1785,33.5767,0.893951
49,1786,33.5565,0.891603
49,1787,33.5059,0.893295
49,1788,33.6242,0.893903
49,1789,33.6013,0.893931
49,1790,33.4823,0.890515
49,1791,33.9759,0.900879
49,1792,33.7198,0.896576
49,1793,33.9657,0.900534
49,1794,33.7624,0.895432
49,1795,33.9247,0.899021
49,1796,33.9654,0.899391
49,1797,34.0576,0.901935
49,1798,34.0477,0.900154
49,1799,34.0818,0.901099
