Frame,PSNR,SSIM
1,85.4547,0.99999
2,85.4547,0.99999
3,85.4547,0.99999
4,85.4547,0.99999
5,38.7923,0.987002
6,35.855,0.97922
7,35.6472,0.968691
8,33.9094,0.958871
9,31.8475,0.951491
10,32.4047,0.945688
11,31.0336,0.941906
12,30.0685,0.935822
13,31.0073,0.945578
14,31.2142,0.946999
15,31.3777,0.947151
16,34.4125,0.954517
17,34.575,0.955325
18,35.6464,0.958345
19,35.727,0.958473
20,36.884,0.961694
21,37.0265,0.962221
22,38.1807,0.965719
23,38.2729,0.96602
24,38.7734,0.967343
25,38.8542,0.967698
26,39.9838,0.970774
27,40.1338,0.971534
28,41.0538,0.974337
29,41.1961,0.975027
30,42.0154,0.976845
31,42.1508,0.977286
32,43.0293,0.979407
33,43.1684,0.979875
34,43.9649,0.981778
35,44.0321,0.982151
36,44.1562,0.982466
37,45.0015,0.984331
38,44.9942,0.984461
39,45.2134,0.98498
40,45.9878,0.986437
41,45.9596,0.986536
42,46.1617,0.986866
43,47.2747,0.988668
44,47.2232,0.988761
45,47.5089,0.989235
46,47.5972,0.989414
47,48.2992,0.990405
48,48.2458,0.990416
49,48.5003,0.990834
50,48.5895,0.99102
51,48.7702,0.991236
52,48.8633,0.991401
53,49.2948,0.991871
54,49.282,0.991925
55,49.4732,0.992171
56,49.5448,0.992269
57,50.4626,0.993239
58,50.3493,0.993222
59,50.427,0.99328
60,50.5764,0.993415
61,50.6422,0.993515
62,50.7199,0.993575
63,50.8282,0.993701
64,50.8792,0.993787
65,50.9026,0.993828
66,50.9284,0.993873
67,50.9756,0.993927
68,51.1758,0.994114
69,51.2237,0.99415
70,51.3052,0.994275
71,51.4277,0.994404
72,51.41,0.994366
73,51.4069,0.994386
74,51.4825,0.994445
75,51.4581,0.994452
76,51.5091,0.994502
77,51.5543,0.994537
78,51.553,0.994565
79,52.6622,0.995427
80,52.2099,0.995393
81,52.3937,0.995414
82,52.5187,0.995482
83,52.5893,0.995524
84,52.6292,0.995565
85,52.6701,0.995597
86,52.6906,0.995606
87,52.768,0.995677
88,52.7422,0.995701
89,52.7505,0.995715
90,52.7572,0.995716
91,52.8239,0.995729
92,52.8549,0.995757
93,52.8761,0.995765
94,53.7613,0.996327
95,53.4772,0.996237
96,53.6222,0.996324
97,53.7556,0.996371
98,53.7977,0.996389
99,53.8837,0.99644
100,53.9589,0.996497
101,53.9962,0.996536
102,54.1329,0.996609
103,54.1311,0.996623
104,54.1911,0.996661
105,54.3443,0.996716
106,54.2844,0.996702
107,54.4126,0.99675
108,54.4416,0.996782
109,54.4798,0.996799
110,54.5185,0.996817
111,54.6871,0.996887
112,54.6261,0.996863
113,54.782,0.996961
114,54.7716,0.996946
115,54.8446,0.996987
116,55.0345,0.997074
117,54.916,0.997042
118,55.1549,0.997153
119,55.198,0.997188
120,54.9603,0.997132
121,54.9778,0.997117
122,54.9937,0.997114
123,55.0215,0.997142
124,55.1027,0.997152
125,55.0705,0.997143
126,55.1146,0.997175
127,55.1104,0.997167
128,55.1223,0.99717
129,46.1568,0.991309
130,55.4608,0.997801
131,54.1965,0.9976
132,54.6222,0.997634
133,54.9266,0.997672
134,55.0184,0.997686
135,55.1336,0.99771
136,55.1873,0.997732
137,55.2828,0.997753
138,55.2721,0.997745
139,55.2737,0.997747
140,55.3457,0.997763
141,55.3991,0.997768
142,55.3783,0.997763
143,55.4132,0.997756
144,56.2417,0.998002
145,55.7328,0.997887
146,56.0729,0.997966
147,56.0425,0.997957
148,56.0563,0.997942
149,56.055,0.997939
150,56.0698,0.997946
151,56.2065,0.997984
152,56.1342,0.997952
153,56.1447,0.997958
154,56.207,0.997978
155,56.2308,0.997998
156,56.2328,0.997996
157,56.3732,0.998028
158,56.3083,0.998016
159,56.4308,0.998051
160,56.3425,0.998029
161,56.4271,0.998055
162,56.3907,0.998035
163,56.4388,0.998053
164,56.4659,0.998064
165,56.4678,0.998066
166,56.4789,0.998065
167,56.4854,0.998063
168,56.493,0.998071
169,56.4977,0.998074
170,56.5056,0.998074
171,56.5003,0.998066
172,56.507,0.998077
173,56.5238,0.998083
174,56.8468,0.998163
175,56.7227,0.998128
176,56.7351,0.99812
177,56.7446,0.99813
178,56.7421,0.998123
179,56.7511,0.998128
180,56.7527,0.998128
181,56.7561,0.99813
182,56.7609,0.998127
183,56.7537,0.998124
184,56.7568,0.998121
185,56.7468,0.998125
186,56.742,0.998122
187,56.7408,0.998115
188,56.7458,0.998122
189,56.9246,0.998154
190,56.8442,0.998144
191,56.8756,0.998148
192,56.8726,0.998145
193,56.8748,0.998146
194,56.8648,0.998144
195,56.8541,0.99814
196,56.8199,0.998131
197,56.8238,0.998145
198,56.8286,0.998148
199,56.837,0.998141
200,56.8328,0.998143
201,56.8427,0.99816
202,56.8396,0.998155
203,56.8455,0.998157
204,57.0057,0.998196
205,56.7216,0.998145
206,56.8763,0.998167
207,56.7717,0.998138
208,56.8592,0.998167
209,56.8499,0.998158
210,56.8866,0.998173
211,56.8585,0.998159
212,56.8536,0.998154
213,56.8543,0.998159
214,55.9654,0.998051
215,53.1127,0.997308
216,51.6162,0.996734
217,49.5116,0.995893
218,48.0708,0.995137
219,51.2202,0.996021
220,48.1546,0.99543
221,47.2069,0.995173
222,46.3785,0.994596
223,44.2324,0.993136
224,43.423,0.992115
225,39.682,0.990374
226,43.3178,0.988858
227,41.7556,0.988442
228,41.5645,0.986806
229,41.5963,0.986435
230,38.8876,0.985705
231,41.2606,0.983453
232,40.4059,0.982776
233,40.0519,0.982429
234,40.0643,0.981016
235,40.1135,0.980447
236,40.6453,0.979717
237,40.3496,0.979384
238,40.1281,0.979273
239,39.8078,0.978771
240,39.6971,0.976174
241,37.2459,0.977849
242,40.3121,0.977781
243,39.862,0.977826
244,40.0993,0.977541
245,42.4146,0.982232
246,38.6917,0.982394
247,41.8387,0.982229
248,39.4347,0.982342
249,42.8739,0.982509
250,41.2696,0.983096
251,43.3972,0.985593
252,42.4338,0.992604
253,42.0206,0.994914
254,42.2446,0.995434
255,42.8815,0.996574
256,43.0299,0.996849
257,75.9897,0.999978
258,76.0801,0.999979
259,76.0801,0.999979
260,76.0801,0.999979
261,76.0749,0.999979
262,76.0801,0.999979
263,76.0801,0.999979
264,76.0749,0.999979
265,56.8227,0.998989
266,50.6513,0.996995
267,46.5041,0.993246
268,43.8141,0.98945
269,43.3772,0.988021
270,42.8826,0.984977
271,40.938,0.981404
272,41.5585,0.982783
273,40.2669,0.979261
274,39.5294,0.976969
275,38.5349,0.974989
276,38.2717,0.973052
277,37.6552,0.971866
278,37.2832,0.971644
279,36.7152,0.969182
280,36.5218,0.969529
281,35.7974,0.968212
282,35.9638,0.969467
283,35.3302,0.967918
284,35.1991,0.968077
285,34.7782,0.967419
286,34.6515,0.967075
287,34.5326,0.967197
288,34,0.965904
289,34.4021,0.96739
290,34.8943,0.969795
291,34.9543,0.97012
292,36.8526,0.976304
293,36.8622,0.97674
294,37.0529,0.977315
295,37.6339,0.978895
296,37.6361,0.978961
297,37.7351,0.979264
298,37.7706,0.979355
299,38.8498,0.981547
300,38.8475,0.981653
301,38.9981,0.982
302,39.5406,0.982878
303,39.5408,0.983007
304,39.6524,0.983201
305,39.6927,0.983287
306,40.5697,0.984568
307,40.2282,0.984279
308,41.0765,0.985321
309,41.0115,0.985239
310,41.3106,0.985523
311,41.2243,0.985431
312,41.2634,0.985549
313,41.2244,0.985584
314,41.5343,0.985941
315,41.5827,0.986054
316,41.6363,0.986093
317,42.8158,0.987501
318,41.9773,0.987015
319,42.769,0.987647
320,42.7275,0.987599
321,42.757,0.987696
322,42.7503,0.987714
323,42.7735,0.987703
324,42.7382,0.987616
325,42.7678,0.987792
326,42.8241,0.98785
327,42.8593,0.987845
328,42.8152,0.987743
329,42.6707,0.987763
330,42.7211,0.987768
331,42.6756,0.987713
332,43.8816,0.988774
333,42.5382,0.987981
334,43.0338,0.98828
335,43.1254,0.988391
336,43.1133,0.988209
337,42.9688,0.988216
338,42.8802,0.988128
339,42.8389,0.988101
340,42.7824,0.987874
341,42.7948,0.988035
342,42.7277,0.987959
343,42.7218,0.987967
344,42.7005,0.987839
345,42.6635,0.987915
346,42.5531,0.987745
347,43.7106,0.988894
348,42.9592,0.988271
349,43.6897,0.988896
350,43.6015,0.988858
351,43.2439,0.988565
352,43.069,0.988282
353,42.9819,0.988329
354,42.918,0.98825
355,42.8794,0.988223
356,42.7628,0.987989
357,42.7648,0.988054
358,42.7448,0.988066
359,42.8036,0.988079
360,42.8309,0.988048
361,42.649,0.987967
362,42.8227,0.988043
363,42.4393,0.987826
364,42.3259,0.987715
365,42.3115,0.987672
366,42.2367,0.987462
367,42.2316,0.987517
368,42.2851,0.987603
369,42.191,0.987547
370,41.9258,0.98712
371,41.7843,0.987112
372,41.922,0.987147
373,41.8287,0.986997
374,41.8309,0.987122
375,41.4192,0.986684
376,41.4353,0.986664
377,41.4852,0.986616
378,41.813,0.987118
379,40.8391,0.986173
380,41.6853,0.987042
381,40.9362,0.986188
382,41.8161,0.987122
383,41.7023,0.987078
384,41.8125,0.987109
385,44.0607,0.990185
386,43.1466,0.989615
387,42.7483,0.989133
388,42.6886,0.989019
389,42.7769,0.988994
390,43.0301,0.989279
391,42.9558,0.989135
392,42.3695,0.988585
393,42.2981,0.988339
394,42.2146,0.988412
395,42.1215,0.988166
396,42.0745,0.988184
397,41.8243,0.987736
398,41.8567,0.987859
399,41.9047,0.987707
400,41.9994,0.987895
401,41.7204,0.987385
402,41.6473,0.987336
403,41.4751,0.986991
404,41.1457,0.986537
405,40.9608,0.986424
406,41.013,0.986369
407,41.0958,0.986362
408,41.2207,0.986606
409,41.1108,0.986327
410,40.9609,0.986074
411,40.6632,0.985558
412,40.5573,0.985522
413,40.4701,0.985298
414,40.6152,0.985368
415,40.7935,0.985824
416,40.3896,0.985166
417,40.4178,0.985278
418,40.0144,0.984491
419,40.2763,0.984861
420,40.7761,0.985697
421,40.3699,0.985108
422,40.1913,0.984674
423,40.2812,0.984876
424,40.2564,0.98469
425,40.34,0.984793
426,39.9602,0.984142
427,39.5787,0.983711
428,39.2292,0.982916
429,39.1318,0.982844
430,39.0642,0.982653
431,39.0981,0.982702
432,39.2827,0.982935
433,38.6438,0.981978
434,38.3445,0.981243
435,38.6495,0.981938
436,38.6854,0.981851
437,38.2155,0.981045
438,37.8893,0.980201
439,38.2235,0.980951
440,38.2203,0.980845
441,37.8892,0.980254
442,37.5707,0.979417
443,37.8762,0.980062
444,37.8287,0.97988
445,39.0733,0.982505
446,38.2052,0.980723
447,38.8892,0.982007
448,38.3609,0.980969
449,38.444,0.981169
450,37.8572,0.979692
451,38.1968,0.980604
452,37.9277,0.979935
453,37.6938,0.979335
454,37.3672,0.978462
455,37.4903,0.978804
456,37.4921,0.978726
457,37.1189,0.977601
458,36.7807,0.976568
459,37.0663,0.977409
460,38.51,0.980511
461,36.8757,0.976784
462,37.5572,0.978239
463,37.2808,0.977915
464,37.7997,0.978554
465,36.9914,0.976671
466,36.848,0.975997
467,36.8576,0.975997
468,37.0232,0.97629
469,36.7245,0.975187
470,36.7834,0.975289
471,36.6696,0.974719
472,36.6997,0.974789
473,36.4048,0.973582
474,36.465,0.973904
475,37.7845,0.977939
476,36.8958,0.976006
477,37.3001,0.976831
478,36.8762,0.975932
479,37.2088,0.976532
480,36.2406,0.973743
481,36.0077,0.972748
482,36.2111,0.973349
483,36.5012,0.974275
484,36.1247,0.972947
485,35.8313,0.971866
486,35.3498,0.969988
487,35.7173,0.971252
488,35.8008,0.971194
489,35.7881,0.971148
490,35.8257,0.971037
491,35.3383,0.969388
492,34.9954,0.967932
493,35.2511,0.968619
494,35.2933,0.968557
495,35.0956,0.967502
496,35.0498,0.967141
497,34.9863,0.966576
498,35.0271,0.96689
499,34.7476,0.965513
500,32.9508,0.954343
501,35.1918,0.967308
502,34.1244,0.963225
503,34.9176,0.966097
504,34.9783,0.966384
505,34.8713,0.965591
506,34.9729,0.966125
507,34.8515,0.965329
508,34.9901,0.966117
509,34.6747,0.964356
510,34.7618,0.964799
511,34.6593,0.96405
512,34.7251,0.964364
513,39.3146,0.983884
514,38.4332,0.982104
515,38.4231,0.981688
516,37.8746,0.980471
517,37.3674,0.978876
518,37.0193,0.977843
519,37.0611,0.977589
520,36.6056,0.976241
521,36.3329,0.974926
522,36.1828,0.97448
523,36.178,0.974004
524,35.9848,0.973319
525,35.6581,0.971574
526,35.5043,0.970972
527,35.5125,0.970534
528,35.5633,0.970635
529,35.0754,0.968299
530,35.0996,0.968301
531,35.023,0.967544
532,35.1033,0.967761
533,34.708,0.965481
534,34.6899,0.965438
535,34.5931,0.964608
536,34.6947,0.965077
537,34.3528,0.963033
538,34.3805,0.963021
539,34.2523,0.961905
540,34.4622,0.962821
541,34.0305,0.960234
542,34.129,0.960625
543,35.48,0.967875
544,34.9607,0.96575
545,34.7071,0.964087
546,34.6949,0.963827
547,34.7179,0.963604
548,34.5621,0.962859
549,34.3863,0.96149
550,34.3003,0.960955
551,34.2942,0.960267
552,34.2784,0.959805
553,34.0619,0.958236
554,33.957,0.957494
555,33.958,0.957137
556,33.9381,0.957008
557,33.7198,0.955256
558,35.2468,0.964661
559,34.6125,0.961373
560,34.8869,0.962652
561,34.4124,0.959905
562,34.4441,0.959814
563,34.3309,0.958914
564,34.3012,0.958562
565,34.0534,0.956744
566,34.0242,0.9565
567,33.8319,0.955114
568,33.9183,0.95554
569,33.5801,0.953126
570,33.5697,0.952827
571,33.3962,0.95148
572,33.5292,0.952272
573,34.772,0.960386
574,34.3408,0.958327
575,34.2857,0.957433
576,34.4904,0.958614
577,34.3108,0.957249
578,34.1454,0.956065
579,33.6813,0.953076
580,33.9334,0.954443
581,33.7075,0.952571
582,33.677,0.952211
583,33.5657,0.951057
584,33.8839,0.953177
585,33.6756,0.951576
586,33.5687,0.950525
587,33.213,0.947783
588,34.8869,0.959431
589,34.3142,0.956383
590,34.4056,0.956603
591,34.1476,0.954653
592,33.773,0.951923
593,33.5207,0.95031
594,33.3815,0.948706
595,32.7942,0.944558
596,33.3525,0.948171
597,33.3471,0.948065
598,33.2763,0.947134
599,32.9627,0.944637
600,33.2115,0.946322
601,33.101,0.945452
602,33.1865,0.945701
603,32.9011,0.943191
604,33.0966,0.944614
605,32.948,0.942967
606,32.9321,0.942688
607,32.5327,0.939462
608,32.8148,0.941747
609,32.772,0.941011
610,32.9037,0.941753
611,32.6084,0.939112
612,32.8212,0.940596
613,32.5854,0.938246
614,32.578,0.938152
615,32.3766,0.936169
616,32.6152,0.937999
617,32.4841,0.936351
618,33.836,0.948945
619,33.2295,0.944841
620,33.3943,0.94582
621,33.3719,0.944923
622,33.1612,0.943417
623,33.2269,0.943334
624,33.0974,0.94256
625,33.1018,0.942089
626,32.9881,0.940983
627,32.9253,0.940077
628,32.8454,0.939598
629,32.9048,0.939824
630,32.7657,0.938348
631,32.7357,0.937681
632,32.6535,0.937162
633,32.7366,0.937647
634,32.6038,0.936441
635,32.5903,0.93579
636,32.5094,0.93554
637,32.6551,0.936521
638,32.4839,0.934935
639,32.5167,0.934538
640,32.3946,0.933708
641,32.3644,0.935221
642,32.6048,0.936454
643,32.3496,0.933522
644,32.6509,0.936155
645,32.49,0.934461
646,32.6374,0.935562
647,32.3624,0.932495
648,32.6354,0.93534
649,32.4549,0.933378
650,32.5638,0.934123
651,32.2982,0.930837
652,32.5616,0.933828
653,32.3494,0.931524
654,32.5065,0.932674
655,32.2807,0.929547
656,32.4952,0.93219
657,32.2858,0.929752
658,32.4934,0.931322
659,32.2653,0.928148
660,32.481,0.930405
661,32.2815,0.92794
662,32.4613,0.929263
663,32.2107,0.925828
664,32.4896,0.928827
665,32.3218,0.926602
666,32.5241,0.928218
667,32.322,0.925392
668,32.3578,0.925834
669,32.3705,0.92507
670,32.2316,0.92352
671,32.1993,0.922393
672,32.3763,0.924361
673,32.3063,0.923023
674,32.1883,0.921582
675,32.175,0.920578
676,32.3594,0.922805
677,32.2391,0.921022
678,32.2128,0.920224
679,32.0639,0.917922
680,32.2361,0.920034
681,32.1125,0.918024
682,32.1321,0.917907
683,32.2315,0.918499
684,32.2233,0.918811
685,32.3863,0.92021
686,32.4475,0.920424
687,32.0203,0.915328
688,32.9994,0.927565
689,32.6014,0.92291
690,32.5278,0.921267
691,32.7556,0.923578
692,32.9827,0.925462
693,33.2216,0.927444
694,32.9544,0.925599
695,33.1226,0.926305
696,33.0152,0.926399
697,33.3116,0.928026
698,32.9446,0.92433
699,33.1829,0.925976
700,33.1315,0.925762
701,33.341,0.927698
702,33.0961,0.925724
703,33.2295,0.925876
704,33.0939,0.925845
705,33.328,0.927096
706,33.1999,0.925576
707,33.2177,0.924671
708,33.0516,0.924284
709,33.3579,0.926356
710,32.9185,0.922212
711,33.1778,0.923512
712,32.9396,0.92202
713,33.2696,0.924765
714,33.0676,0.922856
715,33.1358,0.922556
716,33.3446,0.925371
717,32.9911,0.921397
718,33.2516,0.923802
719,32.9613,0.919998
720,33.393,0.924847
721,33.1327,0.922161
722,33.3258,0.92363
723,32.9187,0.918774
724,33.3776,0.924062
725,33.0465,0.920521
726,33.4021,0.923782
727,32.864,0.917654
728,33.3015,0.922212
729,33.0698,0.919648
730,33.3353,0.922564
731,33.2179,0.920379
732,32.6112,0.91635
733,33.1944,0.920544
734,32.9244,0.917727
735,32.9902,0.917608
736,32.9802,0.918375
737,33.1605,0.91918
738,32.9236,0.917297
739,33.0354,0.91705
740,32.9705,0.917706
741,33.0747,0.918001
742,32.8895,0.915954
743,33.0284,0.916356
744,32.95,0.916975
745,33.084,0.917561
746,33.2005,0.918728
747,32.7888,0.913746
748,33.5265,0.922337
749,33.1088,0.917931
750,31.5553,0.893131
751,31.9468,0.89927
752,31.7716,0.897187
753,32.1168,0.90199
754,31.6021,0.893295
755,32.0641,0.902005
756,31.8701,0.8982
757,32.1196,0.902742
758,31.7778,0.896915
759,32.06,0.902675
760,31.926,0.899599
761,32.0383,0.902046
762,31.8648,0.898172
763,32.0031,0.902022
764,31.8597,0.898908
765,31.9958,0.901743
766,31.736,0.896798
767,31.9149,0.901098
768,31.7313,0.897418
769,31.0329,0.888094
770,31.5836,0.89597
771,31.2785,0.893087
772,31.2855,0.892227
773,31.3019,0.892474
774,31.2432,0.890158
775,31.3648,0.893739
776,31.2699,0.890964
777,31.2847,0.891273
778,31.1233,0.887345
779,31.328,0.891825
780,31.3167,0.891232
781,31.5006,0.894463
782,31.2862,0.889797
783,31.4653,0.893846
784,31.3735,0.891514
785,31.5183,0.894222
786,31.4225,0.89139
787,31.5009,0.894474
788,31.5686,0.894146
789,31.5396,0.89478
790,31.5102,0.892695
791,31.5666,0.895246
792,31.6776,0.895737
793,31.597,0.895304
794,31.5574,0.893171
795,31.5847,0.895425
796,31.6964,0.89573
797,31.6296,0.895584
798,31.5688,0.893212
799,31.7825,0.897738
800,31.559,0.893851
801,31.8073,0.897338
802,31.4224,0.891333
803,31.7543,0.896911
804,31.4702,0.89255
805,31.7259,0.896227
806,31.3424,0.890282
807,31.6846,0.895982
808,31.3941,0.891813
809,31.6877,0.895811
810,31.2987,0.889607
811,31.6458,0.895363
812,31.3162,0.890799
813,31.6341,0.894993
814,31.4095,0.891173
815,31.4843,0.893198
816,31.5536,0.893802
817,31.6014,0.894526
818,31.4583,0.89177
819,31.502,0.893448
820,31.6025,0.894292
821,31.4724,0.892354
822,31.4403,0.890954
823,31.3422,0.890702
824,31.5281,0.892629
825,31.3524,0.890458
826,31.4321,0.890146
827,31.0173,0.88698
828,31.4494,0.891539
829,31.4861,0.892347
830,31.0404,0.885666
831,31.4412,0.891629
832,31.31,0.88908
833,31.3391,0.890003
834,31.1379,0.885748
835,31.4453,0.891181
836,31.1283,0.887149
837,31.4361,0.890867
838,31.0112,0.884542
839,31.4115,0.890534
840,31.2211,0.887079
841,31.3233,0.888404
842,31.0204,0.883539
843,31.302,0.888213
844,31.3207,0.888382
845,31.189,0.886248
846,31.6756,0.893917
847,31.5332,0.893117
848,31.3258,0.889707
849,31.2363,0.887172
850,31.0677,0.883976
851,31.3199,0.888454
852,31.2646,0.888045
853,31.2241,0.886264
854,31.0668,0.882867
855,31.1543,0.885812
856,31.1024,0.884925
857,31.1078,0.884499
858,30.9283,0.880665
859,31.155,0.884482
860,30.8064,0.878932
861,31.9271,0.898197
862,31.3506,0.890669
863,31.7404,0.895896
864,31.8711,0.898029
865,31.7809,0.895971
866,31.7688,0.894872
867,31.8589,0.897631
868,31.9668,0.898652
869,31.9001,0.897642
870,31.8819,0.896245
871,31.9018,0.897529
872,32.0939,0.899366
873,31.8714,0.896568
874,31.9859,0.896661
875,31.6641,0.89355
876,31.9183,0.896199
877,31.7015,0.893465
878,31.69,0.89256
879,31.8211,0.894969
880,32.0635,0.897469
881,31.8687,0.895225
882,31.8909,0.894689
883,31.6554,0.893273
884,31.8866,0.895103
885,31.9027,0.894815
886,31.2768,0.88675
887,32.3876,0.903358
888,32.0495,0.899603
889,31.8501,0.897272
890,31.8471,0.895076
891,32.0561,0.898564
892,31.8373,0.895856
893,31.9417,0.89666
894,31.8848,0.894935
895,31.4903,0.891996
896,31.717,0.892665
897,28.6353,0.825591
898,29.0853,0.837534
899,29.3625,0.84312
900,29.5516,0.847748
901,29.4746,0.846673
902,29.5889,0.847915
903,29.7996,0.853468
904,29.646,0.851592
905,29.876,0.855084
906,29.6613,0.850741
907,29.9396,0.85675
908,30.1781,0.865084
909,30.295,0.866137
910,30.2124,0.865258
911,30.3647,0.868808
912,30.3485,0.868966
913,30.4544,0.869972
914,30.3224,0.867966
915,30.5232,0.871808
916,30.4511,0.871159
917,30.5767,0.872568
918,30.4013,0.869237
919,30.6165,0.873422
920,30.844,0.8797
921,30.8262,0.878923
922,30.7908,0.877877
923,30.7371,0.877236
924,30.9973,0.881063
925,30.7673,0.878091
926,30.8659,0.878259
927,30.8298,0.879005
928,30.7343,0.877196
929,30.8767,0.878649
930,30.6448,0.875378
931,30.8267,0.87802
932,31.0294,0.881003
933,30.9504,0.880242
934,31.1022,0.882306
935,30.9831,0.881998
936,31.1388,0.884791
937,31.1093,0.883838
938,31.2016,0.884117
939,31.1144,0.883896
940,31.3154,0.886512
941,31.185,0.884746
942,31.1677,0.883825
943,31.1786,0.884834
944,31.398,0.887521
945,31.4301,0.887978
946,31.5475,0.890447
947,31.4698,0.890022
948,31.725,0.893399
949,31.5423,0.89113
950,31.6378,0.891763
951,31.5599,0.891472
952,31.7211,0.893468
953,31.6887,0.893055
954,31.762,0.893379
955,31.8252,0.894969
956,31.7103,0.893559
957,31.7753,0.894564
958,31.5738,0.891941
959,31.7491,0.894117
960,31.7503,0.894204
961,31.8433,0.89531
962,31.9001,0.895714
963,33.4277,0.920088
964,33.1503,0.918517
965,33.0126,0.917007
966,33.0102,0.916342
967,33.0647,0.916596
968,33.0502,0.91653
969,33.2296,0.917879
970,33.1691,0.917354
971,33.2643,0.918229
972,33.2869,0.918593
973,33.8282,0.924944
974,33.6081,0.923081
975,33.7153,0.923791
976,33.8758,0.92557
977,22.1906,0.476753
978,22.2809,0.482078
979,23.0149,0.502907
980,23.0214,0.503472
981,23.8861,0.536683
982,24.0306,0.547117
983,24.1517,0.551614
984,24.8226,0.581416
985,24.9041,0.587353
986,25.051,0.593577
987,25.079,0.595403
988,26.2406,0.653923
989,26.3422,0.660651
990,26.475,0.66634
991,26.9973,0.691839
992,27.1406,0.69919
993,27.09,0.69776
994,28.0453,0.740627
995,28.0307,0.741074
996,28.3032,0.751359
997,28.3471,0.753373
998,28.3975,0.755829
999,28.4353,0.757244
1000,28.6101,0.763919
1001,28.6036,0.764258
1002,29.0891,0.782543
1003,29.1888,0.786832
1004,29.2276,0.78866
1005,29.2766,0.789722
1006,29.298,0.791074
1007,29.4306,0.795372
1008,29.7127,0.804182
1009,29.5394,0.799252
1010,29.6977,0.804431
1011,30.0394,0.814963
1012,29.9109,0.81185
1013,29.9232,0.812898
1014,30.2122,0.821237
1015,30.127,0.819651
1016,30.217,0.821952
1017,30.1078,0.818649
1018,30.3317,0.825412
1019,30.3743,0.827207
1020,30.3187,0.825684
1021,30.4399,0.82959
1022,30.5607,0.832558
1023,30.4913,0.831154
1024,30.4076,0.828298
1025,26.5596,0.69321
1026,30.2223,0.827959
1027,30.0808,0.824173
1028,30.1679,0.827128
1029,30.1112,0.825648
1030,30.0708,0.824584
1031,30.1846,0.826383
1032,30.2863,0.830378
1033,30.3755,0.832635
1034,30.2672,0.829687
1035,30.4066,0.833351
1036,30.5085,0.835584
1037,30.4038,0.833314
1038,30.4564,0.83385
1039,30.5772,0.837975
1040,30.6356,0.839567
1041,30.5164,0.836536
1042,30.6526,0.840465
1043,30.6726,0.840406
1044,30.599,0.838751
1045,30.5901,0.83763
1046,30.85,0.844837
1047,30.7542,0.84347
1048,30.7204,0.842028
1049,30.8025,0.844546
1050,30.9706,0.848573
1051,30.8585,0.846357
1052,30.7866,0.843968
1053,31.1301,0.852365
1054,31.0182,0.85106
1055,31.1231,0.852486
1056,31.0953,0.852546
1057,31.0326,0.850164
1058,30.893,0.846185
1059,31.0764,0.850978
1060,31.1584,0.852933
1061,31.0407,0.850315
1062,31.0864,0.851546
1063,31.1542,0.852965
1064,31.0899,0.850925
1065,30.9034,0.846214
1066,31.1138,0.851495
1067,31.2139,0.854041
1068,31.0856,0.851517
1069,31.1263,0.852507
1070,32.8906,0.891883
1071,32.5678,0.888607
1072,32.3574,0.885068
1073,32.1057,0.880212
1074,32.2958,0.883789
1075,32.4084,0.885884
1076,32.3284,0.884458
1077,32.3314,0.884549
1078,32.3767,0.885114
1079,32.4538,0.886442
1080,32.2265,0.882342
1081,32.0589,0.87876
1082,32.234,0.882222
1083,32.3264,0.884059
1084,32.2108,0.882195
1085,33.4143,0.901724
1086,33.071,0.898031
1087,32.8451,0.894604
1088,32.6685,0.891453
1089,32.5421,0.889021
1090,32.7368,0.892372
1091,32.7863,0.893473
1092,32.6315,0.890875
1093,32.6251,0.890738
1094,32.6402,0.890837
1095,32.7055,0.891687
1096,32.4684,0.887707
1097,32.2922,0.884118
1098,32.4793,0.887672
1099,32.5941,0.889518
1100,32.5209,0.888021
1101,32.4582,0.887458
1102,32.5812,0.889783
1103,32.5046,0.888217
1104,32.4155,0.886812
1105,32.3424,0.884835
1106,32.5357,0.88879
1107,32.4568,0.888095
1108,32.3566,0.885924
1109,32.4259,0.887518
1110,32.4373,0.887084
1111,32.3263,0.885347
1112,32.2713,0.883706
1113,32.4301,0.886839
1114,32.3831,0.886588
1115,33.6716,0.906425
1116,33.3715,0.903074
1117,33.1578,0.900675
1118,32.9496,0.896944
1119,32.751,0.893012
1120,32.9406,0.896166
1121,33.0273,0.897889
1122,32.8999,0.896106
1123,32.9116,0.896269
1124,32.9242,0.896356
1125,32.9611,0.896888
1126,32.7666,0.893652
1127,32.5512,0.889667
1128,32.7227,0.892937
1129,32.7957,0.893901
1130,32.712,0.892297
1131,32.689,0.892586
1132,32.6098,0.890362
1133,32.3932,0.886093
1134,32.5445,0.889286
1135,32.6299,0.890532
1136,32.5044,0.88851
1137,32.5838,0.890219
1138,32.5501,0.889172
1139,32.3618,0.885687
1140,32.4596,0.887567
1141,33.6474,0.905152
1142,33.268,0.901127
1143,33.2653,0.902114
1144,33.0612,0.899691
1145,32.9921,0.897978
1146,33.0763,0.899765
1147,33.0338,0.899283
1148,33.0557,0.899653
1149,32.983,0.897951
1150,33.0172,0.898967
1151,32.969,0.897917
1152,32.8448,0.895626
1153,26.0236,0.671418
1154,30.9959,0.852798
1155,30.8939,0.85158
1156,30.715,0.847815
1157,30.6147,0.845958
1158,30.6393,0.846275
1159,30.6829,0.84658
1160,30.8235,0.849002
1161,30.6883,0.84575
1162,30.5706,0.84199
1163,30.732,0.84594
1164,30.9843,0.851217
1165,30.8344,0.848083
1166,30.8436,0.848599
1167,30.9615,0.850949
1168,32.4063,0.883389
1169,31.9984,0.877344
1170,32.0751,0.879438
1171,32.1367,0.88051
1172,32.0426,0.878619
1173,32.1165,0.880627
1174,32.1089,0.880051
1175,31.9705,0.877016
1176,32.0556,0.879096
1177,32.185,0.880833
1178,32.075,0.878941
1179,32.1147,0.87957
1180,32.077,0.879062
1181,32.1645,0.881121
1182,32.1272,0.880223
1183,33.2454,0.899078
1184,32.8506,0.894305
1185,32.8556,0.895333
1186,32.8969,0.896035
1187,32.793,0.894214
1188,32.8468,0.895879
1189,32.83,0.895472
1190,32.6945,0.892952
1191,32.776,0.89453
1192,32.8581,0.895564
1193,32.7945,0.894449
1194,32.8273,0.8951
1195,32.8134,0.894915
1196,32.9134,0.897294
1197,32.8748,0.896561
1198,33.6883,0.907249
1199,33.3291,0.90395
1200,33.3396,0.904588
1201,33.3359,0.904558
1202,33.2199,0.902594
1203,33.213,0.902665
1204,33.628,0.907815
1205,33.3811,0.905496
1206,33.2618,0.903434
1207,33.3232,0.904625
1208,33.2927,0.903871
1209,26.939,0.841387
1210,27.0477,0.842163
1211,28.0646,0.84583
1212,28.1309,0.846346
1213,29.0813,0.852747
1214,29.1797,0.854442
1215,30.0354,0.861287
1216,30.116,0.862488
1217,30.9539,0.87009
1218,31.0456,0.871929
1219,31.8926,0.881128
1220,31.9939,0.883182
1221,32.7741,0.89055
1222,32.8644,0.892139
1223,33.8101,0.901914
1224,33.8996,0.903302
1225,34.3258,0.907193
1226,34.5012,0.909496
1227,35.6009,0.920104
1228,35.7718,0.922641
1229,35.954,0.92403
1230,36.9258,0.932826
1231,37.0319,0.93561
1232,37.2741,0.938341
1233,37.3695,0.938984
1234,37.5657,0.941281
1235,37.7693,0.942907
1236,37.8259,0.943883
1237,37.8263,0.943578
1238,39.1942,0.952634
1239,39.3037,0.953394
1240,39.0657,0.952238
1241,39.0088,0.95125
1242,39.0719,0.952427
1243,39.0674,0.95271
1244,39.1315,0.953446
1245,39.2135,0.953553
1246,39.2838,0.954605
1247,39.0903,0.95325
1248,38.7796,0.950908
1249,38.4887,0.9491
1250,38.4406,0.947723
1251,38.322,0.947113
1252,38.3565,0.947433
1253,38.5896,0.948982
1254,39.2327,0.953326
1255,38.9719,0.951856
1256,39.0498,0.952146
1257,39.1508,0.952832
1258,39.3879,0.954014
1259,39.3643,0.954002
1260,39.4543,0.95454
1261,39.7195,0.956129
1262,39.682,0.955955
1263,39.7912,0.956793
1264,39.7903,0.956812
1265,41.1352,0.963978
1266,40.9682,0.96338
1267,41.1065,0.964074
1268,41.1259,0.964181
1269,41.9559,0.967867
1270,41.7407,0.967223
1271,41.749,0.967356
1272,41.7792,0.967451
1273,41.9309,0.968095
1274,41.8158,0.967639
1275,41.9116,0.968098
1276,41.9168,0.968194
1277,41.8405,0.967909
1278,41.8369,0.967827
1279,41.9668,0.96849
1280,41.8929,0.96825
1281,41.7844,0.970798
1282,42.1162,0.971547
1283,42.1368,0.971836
1284,42.1354,0.971803
1285,42.1208,0.971732
1286,42.2917,0.972175
1287,42.2842,0.972323
1288,42.3459,0.972448
1289,42.364,0.9725
1290,42.611,0.973275
1291,42.5754,0.973349
1292,42.5791,0.973304
1293,42.6501,0.973501
1294,42.6549,0.973424
1295,42.763,0.973892
1296,42.7657,0.973952
1297,42.7664,0.973956
1298,42.8978,0.97432
1299,42.8878,0.974405
1300,42.9497,0.974508
1301,42.9782,0.974532
1302,43.133,0.975084
1303,43.1605,0.975111
1304,42.9191,0.974008
1305,42.8916,0.974015
1306,42.7402,0.97348
1307,42.702,0.973607
1308,42.6472,0.973454
1309,42.6149,0.973406
1310,42.4678,0.972791
1311,43.1509,0.975014
1312,42.7559,0.973847
1313,42.6911,0.973734
1314,42.3721,0.9724
1315,42.3132,0.972178
1316,42.0532,0.971002
1317,41.7652,0.969512
1318,41.3883,0.967919
1319,41.1826,0.96715
1320,40.9588,0.965935
1321,40.8712,0.965289
1322,40.67,0.964403
1323,40.7807,0.96511
1324,41.127,0.966637
1325,41.0689,0.966479
1326,41.0453,0.966137
1327,41.0912,0.966518
1328,41.2807,0.967329
1329,41.1273,0.966828
1330,41.0452,0.966288
1331,41.2158,0.967085
1332,41.4275,0.967901
1333,41.4155,0.967797
1334,41.4521,0.967797
1335,41.8023,0.969377
1336,41.7438,0.969229
1337,41.8393,0.969614
1338,41.8335,0.969571
1339,41.8886,0.969851
1340,41.9505,0.970079
1341,42.0174,0.970412
1342,41.7392,0.969169
1343,41.8148,0.969474
1344,41.8015,0.968966
1345,41.7861,0.969207
1346,41.7052,0.969497
1347,41.4556,0.968853
1348,41.3284,0.968494
1349,41.2725,0.968626
1350,40.9598,0.967205
1351,40.8462,0.966678
1352,40.6191,0.965216
1353,40.2456,0.96388
1354,40.3204,0.964301
1355,40.8026,0.966109
1356,41.4243,0.968674
1357,41.2292,0.968045
1358,41.4856,0.968947
1359,41.5526,0.969244
1360,41.8597,0.97025
1361,41.8433,0.970257
1362,41.9224,0.970613
1363,42.2143,0.971652
1364,42.118,0.971311
1365,42.2686,0.971909
1366,42.2728,0.97193
1367,42.696,0.973388
1368,42.5367,0.972938
1369,42.7557,0.973677
1370,42.7386,0.973666
1371,43.2429,0.97529
1372,42.9459,0.974523
1373,42.9599,0.974515
1374,42.9716,0.974491
1375,42.8756,0.974133
1376,42.785,0.973804
1377,42.8404,0.974104
1378,42.872,0.974205
1379,42.7576,0.973835
1380,42.693,0.973496
1381,42.8157,0.974059
1382,42.6915,0.973687
1383,42.6572,0.973571
1384,42.6625,0.973507
1385,42.7351,0.973864
1386,43.1611,0.975127
1387,43.012,0.974824
1388,43.1494,0.97506
1389,43.2022,0.975305
1390,43.1146,0.975011
1391,43.1249,0.975039
1392,43.1719,0.97511
1393,43.1515,0.975097
1394,43.0389,0.974796
1395,43.1563,0.975121
1396,43.1547,0.975061
1397,43.9152,0.977564
1398,43.5759,0.976815
1399,43.5301,0.976618
1400,43.4254,0.976314
1401,43.548,0.97659
1402,43.5605,0.976601
1403,43.5539,0.976537
1404,43.5026,0.97634
1405,43.5695,0.976519
1406,43.5501,0.976431
1407,43.4742,0.97629
1408,43.4398,0.976154
1409,33.94,0.919041
1410,42.2388,0.971623
1411,42.1363,0.971439
1412,42.0469,0.971145
1413,42.4281,0.972308
1414,42.3839,0.972158
1415,42.4698,0.972377
1416,42.9941,0.974214
1417,42.8005,0.973873
1418,42.8462,0.973943
1419,42.9227,0.974083
1420,42.9553,0.974121
1421,43.0325,0.974391
1422,43.0493,0.974422
1423,43.0322,0.974386
1424,43.0388,0.974347
1425,43.2187,0.974958
1426,43.1406,0.974761
1427,43.2461,0.97504
1428,43.1899,0.974838
1429,43.27,0.975102
1430,43.3373,0.975298
1431,43.3306,0.975267
1432,43.3405,0.975289
1433,43.3723,0.975404
1434,43.7698,0.976654
1435,43.5367,0.976198
1436,43.4937,0.976091
1437,43.3147,0.975834
1438,43.2919,0.975846
1439,43.6639,0.976584
1440,43.4725,0.976207
1441,43.6759,0.976598
1442,43.6773,0.976639
1443,43.6608,0.976596
1444,43.6241,0.976488
1445,43.6794,0.976661
1446,43.6553,0.97659
1447,43.6181,0.976485
1448,43.5663,0.976297
1449,43.6156,0.976456
1450,43.6118,0.976425
1451,43.594,0.976393
1452,43.557,0.976248
1453,43.6033,0.976369
1454,44.0037,0.977545
1455,43.4939,0.976163
1456,42.9828,0.974294
1457,42.7808,0.973293
1458,42.4278,0.972329
1459,40.135,0.959043
1460,40.0012,0.958395
1461,39.5759,0.956292
1462,39.1815,0.954603
1463,39.0212,0.953891
1464,39.2889,0.954954
1465,39.5207,0.956083
1466,39.6517,0.95722
1467,39.6834,0.957537
1468,39.8026,0.958153
1469,40.5086,0.961577
1470,40.3815,0.961072
1471,40.3042,0.960529
1472,40.0572,0.959148
1473,39.92,0.958429
1474,40.1787,0.960288
1475,40.3661,0.961606
1476,40.4528,0.962306
1477,40.3611,0.961824
1478,40.4347,0.962667
1479,40.4288,0.962568
1480,40.5271,0.962654
1481,40.3602,0.961568
1482,40.2717,0.961352
1483,40.0493,0.960215
1484,40.3324,0.961716
1485,40.169,0.961196
1486,40.0831,0.961
1487,39.9958,0.96117
1488,40.1151,0.962058
1489,40.3048,0.9631
1490,39.8687,0.962129
1491,39.1151,0.959158
1492,38.2081,0.953248
1493,37.5096,0.949427
1494,37.1656,0.94719
1495,37.0535,0.946837
1496,36.7605,0.943651
1497,37.2037,0.94729
1498,37.239,0.947337
1499,37.25,0.947593
1500,37.1217,0.945515
1501,37.481,0.949267
1502,37.5142,0.949297
1503,37.5813,0.949493
1504,37.4276,0.947088
1505,37.8259,0.950555
1506,37.9206,0.951209
1507,37.9966,0.951793
1508,38.9019,0.954364
1509,38.4286,0.953559
1510,38.6181,0.955264
1511,38.5001,0.954165
1512,38.5841,0.954483
1513,38.6748,0.954555
1514,38.6115,0.955736
1515,38.4563,0.954952
1516,38.7684,0.958426
1517,38.8924,0.960038
1518,40.04,0.964236
1519,39.8412,0.964244
1520,40.1054,0.965264
1521,40.2732,0.965553
1522,40.519,0.966686
1523,40.7354,0.967295
1524,40.9568,0.96819
1525,41.1571,0.968716
1526,41.4122,0.969675
1527,41.7222,0.970541
1528,41.7757,0.970625
1529,41.9761,0.971103
1530,42.2498,0.972118
1531,42.2849,0.972236
1532,42.835,0.97394
1533,42.7863,0.973779
1534,42.8923,0.97424
1535,43.5131,0.976125
1536,43.461,0.976041
1537,42.5622,0.974361
1538,44.148,0.979395
1539,44.0208,0.979263
1540,44.1671,0.97955
1541,44.2245,0.97952
1542,44.269,0.979709
1543,44.2776,0.979716
1544,44.5675,0.980388
1545,44.4285,0.980005
1546,44.5003,0.980204
1547,44.6026,0.980461
1548,44.5783,0.980386
1549,44.5933,0.980369
1550,44.7479,0.980823
1551,44.6919,0.980663
1552,44.7559,0.980769
1553,44.9699,0.981255
1554,44.8903,0.981162
1555,45.0436,0.98148
1556,45.017,0.98146
1557,45.0439,0.981467
1558,45.0893,0.981641
1559,45.1774,0.981876
1560,45.1426,0.981767
1561,45.128,0.981683
1562,45.1811,0.981807
1563,45.2053,0.981883
1564,45.2018,0.981869
1565,45.1629,0.981709
1566,45.2042,0.981884
1567,46.218,0.984323
1568,45.9399,0.983852
1569,45.9056,0.983651
1570,45.996,0.983856
1571,46.0108,0.983859
1572,46.0205,0.983878
1573,46.0131,0.983821
1574,46.0469,0.983922
1575,46.0638,0.983926
1576,46.0714,0.983954
1577,46.0597,0.983924
1578,46.1076,0.984022
1579,46.1252,0.98412
1580,46.0941,0.983997
1581,46.1244,0.984075
1582,46.162,0.984178
1583,46.1324,0.984119
1584,46.1268,0.984074
1585,46.1101,0.984006
1586,46.1506,0.984135
1587,46.1461,0.984147
1588,46.1429,0.984125
1589,46.1208,0.98401
1590,46.1346,0.984096
1591,46.1427,0.984095
1592,46.1534,0.984094
1593,46.1206,0.984051
1594,46.1699,0.984144
1595,46.1614,0.984116
1596,46.1665,0.984151
1597,46.882,0.985676
1598,46.6667,0.985379
1599,46.6927,0.985349
1600,46.717,0.98538
1601,46.7068,0.985393
1602,46.7667,0.985551
1603,46.7358,0.985542
1604,46.7355,0.985535
1605,46.7168,0.985521
1606,46.7367,0.985573
1607,46.7571,0.985625
1608,46.7126,0.985551
1609,46.6632,0.985484
1610,46.6986,0.985528
1611,46.6847,0.985561
1612,46.9967,0.986063
1613,46.5726,0.985458
1614,46.7654,0.985627
1615,46.7742,0.985642
1616,46.7638,0.985586
1617,46.7375,0.985489
1618,46.7697,0.985562
1619,46.7542,0.98557
1620,46.744,0.985512
1621,46.7207,0.985499
1622,46.7329,0.985525
1623,46.7663,0.985527
1624,46.7611,0.985546
1625,46.7701,0.985554
1626,46.7911,0.985588
1627,47.2599,0.986511
1628,47.0918,0.986256
1629,47.0899,0.986209
1630,47.0971,0.986274
1631,47.118,0.986337
1632,47.1243,0.986343
1633,47.1739,0.986379
1634,47.1071,0.986294
1635,47.1327,0.986345
1636,47.1636,0.986435
1637,47.1353,0.986418
1638,47.1698,0.986474
1639,47.1784,0.986524
1640,47.1706,0.986497
1641,47.1678,0.9865
1642,47.1724,0.986517
1643,47.1733,0.986545
1644,47.177,0.986572
1645,47.1641,0.986531
1646,47.1677,0.986522
1647,22.9132,0.481192
1648,22.9539,0.482663
1649,23.5889,0.49229
1650,23.7433,0.500137
1651,24.5332,0.528622
1652,24.7682,0.545019
1653,25.4176,0.567919
1654,25.4274,0.569363
1655,25.4722,0.568864
1656,26.5574,0.620951
1657,26.4844,0.616436
1658,26.6781,0.626941
1659,26.9722,0.639209
1660,27.0552,0.644673
1661,27.1986,0.650855
1662,27.3121,0.657099
1663,28.3497,0.707079
1664,28.4588,0.715437
1665,29.0188,0.752676
1666,29.2194,0.752381
1667,29.1885,0.748862
1668,29.6779,0.766578
1669,29.5835,0.762668
1670,29.7335,0.76848
1671,29.5737,0.762253
1672,29.9755,0.777587
1673,29.9655,0.77719
1674,30.1749,0.784198
1675,30.102,0.781714
1676,30.289,0.789725
1677,30.3838,0.793221
1678,30.2948,0.791598
1679,30.2918,0.79103
1680,30.5526,0.7998
1681,30.6671,0.802942
1682,30.6328,0.803983
1683,30.5565,0.800816
1684,30.6449,0.804339
1685,30.7843,0.807521
1686,30.9053,0.812025
1687,31.1242,0.819094
1688,31.1424,0.822347
1689,31.0855,0.820013
1690,31.0419,0.819708
1691,31.083,0.820383
1692,31.2408,0.826287
1693,31.3042,0.826295
1694,31.227,0.82624
1695,31.1079,0.821554
1696,31.181,0.824609
1697,31.3304,0.827352
1698,31.4297,0.830205
1699,31.3683,0.827773
1700,31.4171,0.831981
1701,31.4645,0.831653
1702,31.3341,0.829731
1703,31.3227,0.828466
1704,31.5104,0.834768
1705,31.521,0.833561
1706,31.4633,0.833627
1707,31.3317,0.829057
1708,31.4064,0.831891
1709,31.5072,0.833608
1710,31.587,0.83601
1711,31.5185,0.833208
1712,31.589,0.837009
1713,31.641,0.836727
1714,31.6359,0.837763
1715,31.5593,0.834484
1716,31.4364,0.834158
1717,31.4728,0.833668
1718,31.1995,0.827817
1719,31.1503,0.826241
1720,31.3573,0.832162
1721,31.5289,0.835455
1722,31.5554,0.836554
1723,31.4078,0.831527
1724,31.6381,0.838364
1725,33.1727,0.878259
1726,33.025,0.877242
1727,32.6497,0.869306
1728,32.6919,0.87044
1729,32.4974,0.866257
1730,32.38,0.863965
1731,32.0486,0.85739
1732,32.383,0.864112
1733,32.5959,0.867235
1734,32.4731,0.865438
1735,32.3408,0.861214
1736,32.471,0.865002
1737,32.4279,0.863461
1738,32.4853,0.865012
1739,32.3997,0.862106
1740,32.3979,0.863575
1741,32.1334,0.857945
1742,32.1422,0.857291
1743,31.7612,0.849921
1744,32.1761,0.858262
1745,32.3243,0.860958
1746,32.2303,0.8591
1747,32.1303,0.855528
1748,32.2762,0.859798
1749,32.1954,0.857412
1750,32.2204,0.858804
1751,32.0846,0.854155
1752,32.1546,0.857285
1753,32.1113,0.855128
1754,31.9921,0.853034
1755,31.9105,0.850275
1756,32.1516,0.856581
1757,32.0744,0.853718
1758,32.0457,0.854283
1759,31.8028,0.847754
1760,31.8752,0.850059
1761,31.9584,0.851158
1762,32.0164,0.852251
1763,32.0399,0.851978
1764,31.9837,0.853226
1765,32.0008,0.852132
1766,31.8352,0.849787
1767,31.8417,0.848319
1768,32.0039,0.852834
1769,32.0028,0.851323
1770,31.9953,0.851929
1771,31.6604,0.843678
1772,31.8634,0.848687
1773,31.8605,0.848408
1774,31.9777,0.850879
1775,31.8011,0.845865
1776,31.9348,0.850265
1777,31.8708,0.848448
1778,31.7663,0.846611
1779,31.691,0.843846
1780,31.9321,0.85038
1781,33.3282,0.881768
1782,32.9968,0.877838
1783,32.5919,0.869976
1784,32.8119,0.873503
1785,32.8958,0.874337
1786,32.9829,0.876139
1787,32.7814,0.871247
1788,32.89,0.874089
1789,32.8156,0.872152
1790,32.7179,0.870628
1791,32.6535,0.868543
1792,32.8458,0.873228
1793,27.983,0.718695
1794,31.7202,0.845673
1795,31.3733,0.837743
1796,31.4875,0.840945
1797,31.5745,0.841588
1798,31.7831,0.846059
1799,31.7318,0.843784
1800,31.8193,0.845779
